equipo_id,linea_produccion,voltaje_v,corriente_a,potencia_kw,energia_kwh,horas_activas,temperatura_c,factor_potencia,eficiencia_porcentual,fallas_detectadas,costo_energia_usd,fecha_registro
EQ_039,Línea A,223.44,8.14,1.57,9.06,10.03,51.05,0.9099554896863286,72.21,1,1.33,2024-06-24
EQ_029,Línea A,217.71,7.85,1.62,7.21,6.03,39.08,0.9026624360709841,82.54,0,1.02,2024-03-13
EQ_015,Línea A,207.84,3.79,0.7,4.23,11.16,41.33,0.9080369897665272,89.51,3,0.6,2024-12-21
EQ_043,Línea B,232.93,3.64,0.69,5.67,8.59,58.11,0.9535371912716444,94.71,0,0.82,2024-01-29
EQ_008,Línea A,229.79,0.13,0.03,0.16,6.81,35.09,0.9058955358662377,66.3,0,0.02,2024-06-05
EQ_021,Línea B,191.61,4.34,0.73,3.9,10.66,35.08,0.9173880456618331,90.69,1,0.41,2024-11-09
EQ_039,Línea B,215.75,8.04,1.49,11.47,7.95,63.05,0.9615526445619478,91.89,2,1.31,2024-10-30
EQ_019,Línea C,206.77,8.47,1.52,6.48,11.29,43.54,0.8887081922383132,80.54,2,0.86,2024-10-05
EQ_023,Línea D,214.14,8.61,1.58,7.86,11.42,57.47,0.9895576992710882,85.73,3,1.12,2024-10-09
EQ_011,Línea D,209.94,5.67,0.96,7.03,5.32,29.01,0.9516544503663289,60.58,0,0.82,2024-01-07
EQ_011,Línea B,219.3,7.95,1.62,7.3,4.02,29.81,0.8271189685329843,63.02,1,0.89,2024-10-31
EQ_024,Línea C,215.05,9.19,1.82,13.06,11.87,35.87,0.8942322901735817,93.87,1,1.91,2024-06-30
EQ_036,Línea B,214.73,4.2,0.84,6.55,11.25,40.19,0.8187828250896946,80.69,3,0.63,2024-04-18
EQ_040,Línea B,236.61,8.37,1.66,12.63,4.44,30.97,0.91016603008566,82.23,0,1.79,2024-11-19
EQ_024,Línea B,228.36,9.97,1.96,21.47,10.66,48.69,0.8950844447939732,86.88,3,2.14,2024-07-24
EQ_003,Línea C,209.44,6.53,1.26,10.38,7.66,49.35,0.9617427379600094,82.07,2,1.24,2024-08-21
EQ_022,Línea D,211.67,11.19,2.18,16.88,6.07,36.02,0.8759490825522334,81.33,2,1.74,2024-07-05
EQ_002,Línea C,227.38,6.6,1.35,9.84,11.03,36.81,0.9393867500967246,88.16,0,1.24,2024-11-24
EQ_024,Línea A,227.36,5.42,1.07,11.28,5.57,38.13,0.9484423804734218,73.04,1,1.39,2024-12-22
EQ_044,Línea C,210.94,9.67,2.0,22.32,11.58,33.35,0.9328597426114007,94.28,4,2.52,2024-01-08
EQ_030,Línea C,216.49,14.1,2.65,28.69,5.64,16.04,0.9770061790886264,83.16,0,4.07,2024-02-22
EQ_038,Línea C,247.7,8.26,1.82,17.09,8.91,44.15,1.0,76.95,1,2.21,2024-07-17
EQ_002,Línea C,211.2,9.9,1.96,9.99,5.78,40.7,0.9255970971349534,75.88,2,1.33,2024-05-16
EQ_021,Línea D,248.66,6.47,1.46,9.07,8.37,41.72,0.9402589758445185,85.34,1,0.9,2024-09-15
EQ_033,Línea A,236.56,4.28,0.88,3.84,9.47,34.88,0.8759861523083945,82.55,1,0.55,2024-11-29
EQ_012,Línea D,245.88,8.5,1.85,21.18,5.52,53.1,0.8690238292988379,72.61,3,2.12,2024-06-20
EQ_022,Línea D,210.56,8.97,1.81,16.81,8.17,69.25,0.9716914825166364,80.19,0,1.74,2024-03-26
EQ_044,Línea C,217.47,6.93,1.29,12.86,7.75,36.66,0.9650762753051679,78.53,3,1.26,2024-02-15
EQ_025,Línea B,213.26,9.89,1.75,11.36,4.57,59.0,0.8685190062914369,95.09,1,1.32,2024-12-11
EQ_049,Línea B,236.9,6.04,1.23,13.24,10.55,48.67,0.8545889728745264,86.04,2,1.9,2024-07-04
EQ_027,Línea D,211.48,5.29,1.09,6.62,6.69,45.35,0.8875631597659706,97.55,1,0.7,2024-06-04
EQ_042,Línea D,230.97,11.18,2.11,8.47,8.6,41.56,0.9129311015282945,79.32,1,0.95,2024-01-09
EQ_028,Línea C,230.17,11.2,2.57,18.02,8.12,44.17,0.8995436795758378,82.67,4,2.54,2024-04-24
EQ_016,Línea D,219.28,6.1,1.21,10.36,8.11,56.5,0.9280257434166127,88.09,0,1.32,2024-06-02
EQ_015,Línea C,239.48,13.16,3.14,24.59,4.86,33.62,0.9658531256186303,89.83,1,3.32,2024-05-09
EQ_047,Línea B,221.62,7.14,1.56,17.0,7.39,42.25,0.9431052189377469,90.77,2,1.75,2024-11-26
EQ_044,Línea B,232.51,8.25,1.71,8.28,7.62,57.49,0.9468060498842062,77.9,0,1.1,2024-03-21
EQ_003,Línea A,212.58,7.75,1.38,11.63,9.87,54.84,0.7974231802795562,78.12,1,1.21,2024-10-16
EQ_037,Línea B,209.15,9.57,1.67,13.53,10.72,33.77,0.8393048489940459,82.16,1,2.02,2024-05-26
EQ_007,Línea D,230.97,8.81,1.73,10.81,8.36,43.17,0.8801771596176972,96.85,1,1.34,2024-10-21
EQ_021,Línea B,226.46,8.77,1.87,19.78,4.69,52.28,0.8884303175920247,76.99,1,2.61,2024-09-25
EQ_009,Línea C,223.65,4.94,0.94,9.42,5.89,51.63,0.9619913917469617,80.78,0,0.91,2024-05-12
EQ_039,Línea B,214.84,2.93,0.55,5.42,5.32,54.75,0.8760549284265935,90.84,1,0.57,2024-02-19
EQ_018,Línea A,243.24,11.43,2.47,27.19,5.0,48.84,0.9533463830678685,90.41,0,2.68,2024-01-23
EQ_004,Línea B,203.25,6.36,1.27,12.42,6.93,50.52,0.8807447130596852,89.44,0,1.41,2024-03-28
EQ_025,Línea C,202.43,7.85,1.33,7.79,5.84,48.43,0.8599557856303592,85.65,3,0.83,2024-04-21
EQ_014,Línea C,234.13,8.98,1.68,16.2,5.75,60.8,0.8622775170478104,76.48,1,2.17,2024-04-20
EQ_050,Línea D,232.9,12.89,2.44,15.77,4.44,40.78,1.0,79.47,1,1.52,2024-03-12
EQ_009,Línea B,225.31,8.48,1.87,11.1,4.14,45.48,0.8796317515745004,94.01,1,1.5,2024-06-02
EQ_026,Línea C,215.68,6.82,1.37,6.28,4.82,34.85,0.9545493604430171,91.19,0,0.58,2024-02-26
EQ_002,Línea A,227.54,6.43,1.25,12.44,5.38,32.88,0.8420900785124901,74.32,0,1.27,2024-09-13
EQ_020,Línea D,245.81,7.89,1.62,15.69,7.45,48.25,0.9909464502089368,91.96,0,2.16,2024-06-04
EQ_028,Línea A,257.73,5.27,1.17,6.87,8.08,37.76,0.9374520572531857,95.47,1,0.92,2024-04-22
EQ_047,Línea B,195.15,8.09,1.3,12.99,5.12,44.42,0.9336989434396444,85.43,1,1.54,2024-11-13
EQ_007,Línea B,213.72,7.84,1.66,18.83,7.4,61.18,0.940691366157166,88.41,0,1.75,2024-02-16
EQ_044,Línea B,212.77,12.92,2.63,12.79,6.73,60.6,0.9461999862222675,93.09,2,1.62,2024-08-25
EQ_008,Línea D,244.4,7.75,1.69,9.91,5.47,67.24,0.960453362942244,79.43,2,1.13,2024-11-29
EQ_047,Línea C,182.78,2.23,0.4,4.0,4.05,61.38,0.8900451290895486,100.0,1,0.44,2024-04-15
EQ_035,Línea D,227.71,16.02,3.1,19.21,7.74,69.03,0.8871205853113939,94.78,2,2.47,2024-07-05
EQ_014,Línea A,216.15,10.87,2.22,19.97,9.49,49.37,0.9224611939024034,89.19,2,2.32,2024-06-07
EQ_017,Línea D,244.57,14.25,3.38,15.71,5.81,35.97,0.9542213880209155,84.72,0,1.5,2024-07-16
EQ_036,Línea A,242.52,4.53,0.96,7.31,5.05,35.0,0.9166672261888755,88.96,1,1.06,2024-06-25
EQ_050,Línea D,225.48,7.33,1.57,15.56,11.1,58.96,0.9586950897899552,72.52,1,2.13,2024-09-17
EQ_040,Línea C,196.3,10.02,1.69,16.04,6.2,45.52,0.9508918391350959,100.0,1,1.5,2024-10-13
EQ_004,Línea A,211.39,9.61,1.75,18.41,5.79,46.26,0.9091508369291987,94.03,2,2.24,2024-10-19
EQ_002,Línea B,213.03,8.92,1.56,17.19,10.86,39.51,0.8326410015109575,96.71,3,1.63,2024-11-30
EQ_006,Línea B,200.1,1.4,0.25,2.55,10.54,40.71,0.8948236027323044,85.25,1,0.36,2024-05-22
EQ_042,Línea D,237.32,2.86,0.64,6.0,7.59,48.84,1.0,82.12,1,0.76,2024-11-03
EQ_004,Línea B,198.2,12.55,2.46,10.46,7.91,34.45,0.937002982535285,79.61,3,1.05,2024-07-15
EQ_029,Línea A,249.48,13.09,3.01,24.92,5.74,47.57,0.8880224934364954,91.51,0,2.27,2024-08-12
EQ_018,Línea B,249.44,7.68,1.86,8.0,4.63,60.11,0.932532578880395,80.9,3,0.74,2024-02-12
EQ_026,Línea C,214.22,12.17,2.51,26.27,8.59,23.66,0.9538322034163902,83.5,0,3.16,2024-05-30
EQ_044,Línea C,224.93,4.93,0.93,6.11,4.79,29.59,0.8880467195274184,89.37,1,0.82,2024-10-22
EQ_034,Línea D,218.92,5.62,1.1,9.35,7.59,51.76,0.9817691947060949,79.73,1,0.91,2024-03-03
EQ_010,Línea A,233.53,4.69,0.9,5.61,11.52,58.64,0.9447849010581826,93.35,1,0.58,2024-05-09
EQ_036,Línea C,239.12,5.45,1.22,12.52,11.62,40.1,0.865004561341383,84.86,1,1.37,2024-09-11
EQ_014,Línea C,223.87,10.17,2.25,24.96,5.91,25.02,0.9628183143271187,72.94,1,2.57,2024-12-08
EQ_031,Línea A,227.04,5.41,1.02,7.33,8.99,59.32,0.8995193307601153,79.64,1,0.83,2024-08-01
EQ_048,Línea B,210.69,14.72,2.94,32.06,7.79,36.89,0.9110434786847198,95.47,4,3.96,2024-03-13
EQ_015,Línea B,226.55,9.38,1.97,12.09,11.01,41.39,0.8692015651515945,77.5,0,1.58,2024-04-13
EQ_008,Línea D,222.44,11.25,2.29,18.95,6.17,48.19,0.9515723206344916,92.15,1,2.8,2024-06-06
EQ_014,Línea B,206.32,9.47,1.72,18.7,4.03,38.34,0.912556738665229,85.97,0,2.73,2024-09-28
EQ_023,Línea A,219.79,11.64,2.23,14.73,5.3,36.24,0.9536878477250305,83.63,1,1.83,2024-11-10
EQ_040,Línea C,214.25,5.4,0.94,10.93,6.8,36.42,0.8924508805467216,100.0,2,1.47,2024-08-25
EQ_021,Línea B,210.86,12.34,2.2,10.95,6.53,63.58,0.8867298356064961,74.73,2,1.61,2024-10-29
EQ_016,Línea D,202.8,8.42,1.37,5.68,10.33,56.6,0.8826781464201126,79.08,1,0.54,2024-06-06
EQ_045,Línea B,220.94,11.63,2.35,26.4,9.44,50.75,0.9398016089771465,84.81,1,2.38,2024-04-18
EQ_018,Línea A,208.29,3.68,0.63,2.87,6.4,23.14,0.8859825087748632,100.0,0,0.26,2024-01-09
EQ_047,Línea D,212.93,8.54,1.77,21.13,7.66,50.78,0.9098443675636794,84.83,1,2.62,2024-11-16
EQ_024,Línea B,236.13,8.44,1.8,20.9,4.76,50.24,0.8940786506346834,87.19,4,2.84,2024-02-28
EQ_026,Línea D,229.48,6.14,1.32,6.73,11.19,32.22,0.9420041962448839,82.31,1,0.75,2024-12-23
EQ_025,Línea A,205.32,8.94,1.62,13.45,11.48,47.59,0.8332348776697844,87.87,1,1.65,2024-07-10
EQ_045,Línea C,225.28,12.62,2.59,14.19,11.84,55.51,0.932351643511167,82.81,0,1.72,2024-05-15
EQ_041,Línea A,221.99,5.91,1.3,9.65,10.95,50.69,1.0,90.56,1,0.92,2024-09-07
EQ_029,Línea A,245.53,10.89,2.18,9.79,5.39,38.2,0.981801305436685,91.19,0,1.07,2024-05-25
EQ_015,Línea A,240.75,4.62,0.95,5.5,4.37,45.13,0.8891673439013265,83.13,1,0.5,2024-12-12
EQ_045,Línea A,196.99,14.33,2.7,18.65,8.64,52.3,0.9447300888082493,76.0,0,1.8,2024-12-17
EQ_001,Línea C,232.92,10.35,1.98,14.87,11.3,45.59,0.9350282736419953,85.75,2,2.06,2024-02-27
EQ_025,Línea C,238.98,13.18,2.57,30.38,5.42,57.54,0.993469603158107,96.22,3,4.25,2024-06-25
EQ_007,Línea D,228.39,10.02,2.0,20.93,4.06,48.96,0.7944942538838616,78.39,1,2.89,2024-10-14
EQ_009,Línea B,214.97,9.17,1.61,15.94,10.44,52.53,0.9756433684467583,87.67,1,2.13,2024-09-01
EQ_024,Línea C,256.2,10.38,2.44,20.24,4.61,53.21,0.9066241163618065,75.35,1,2.78,2024-02-17
EQ_001,Línea C,229.77,7.59,1.47,15.76,7.31,34.33,0.8828385530274792,76.68,1,2.05,2024-10-27
EQ_044,Línea B,249.65,3.15,0.77,5.17,9.43,45.5,0.8814098985602687,95.4,1,0.67,2024-12-21
EQ_008,Línea C,240.27,9.34,2.15,20.79,5.89,41.68,0.8550046841894361,90.53,0,2.7,2024-04-09
EQ_024,Línea A,226.96,5.73,1.22,14.58,4.67,55.44,0.8892940796263032,87.79,0,1.76,2024-07-31
EQ_011,Línea A,211.3,4.7,0.92,6.0,10.16,49.63,0.8660132973034302,66.43,2,0.67,2024-10-28
EQ_017,Línea B,219.64,9.91,2.12,19.91,9.04,43.12,0.9290108585253659,80.58,0,2.66,2024-06-13
EQ_008,Línea D,216.67,7.16,1.31,14.09,11.91,32.18,0.9494968816164191,89.85,1,1.52,2024-05-05
EQ_035,Línea D,201.78,11.08,2.18,24.69,6.75,29.03,0.907171329518082,73.41,0,3.03,2024-10-28
EQ_035,Línea B,229.75,5.63,1.24,12.08,4.49,48.1,0.9949861603128083,82.17,0,1.4,2024-04-30
EQ_033,Línea B,243.51,6.59,1.52,9.53,9.87,37.83,0.8925789357271531,91.13,0,1.02,2024-03-28
EQ_005,Línea A,215.53,11.45,2.25,14.87,8.17,51.66,0.9045568788801704,72.91,0,2.21,2024-08-04
EQ_042,Línea D,252.45,8.84,1.9,7.92,5.71,28.57,0.8963529678535789,71.57,0,0.84,2024-03-01
EQ_039,Línea C,196.64,3.57,0.62,6.25,10.25,60.93,0.9499309436957197,73.05,2,0.68,2024-10-28
EQ_041,Línea A,235.82,8.77,1.98,8.6,5.63,51.64,0.9549786751425945,87.68,1,0.86,2024-06-27
EQ_028,Línea B,245.07,12.44,2.46,26.86,6.09,45.99,0.9447683441985549,80.54,1,3.74,2024-07-08
EQ_007,Línea D,216.94,6.56,1.36,6.73,4.74,61.83,0.9137945673031266,92.02,1,0.84,2024-06-11
EQ_009,Línea C,217.21,9.79,1.8,9.68,7.2,54.48,0.8529688570461056,85.97,1,1.23,2024-03-21
EQ_008,Línea C,235.64,5.45,1.06,8.28,7.35,40.25,0.9040279709594747,100.0,2,1.15,2024-06-18
EQ_012,Línea A,227.59,7.59,1.42,14.06,8.12,45.78,0.9939069856950266,75.1,2,1.55,2024-10-27
EQ_034,Línea D,190.04,11.27,1.73,8.84,9.67,25.36,0.9706618943717493,87.65,0,0.9,2024-07-14
EQ_033,Línea D,207.35,8.66,1.62,12.18,11.25,55.64,0.934702519834336,78.64,1,1.24,2024-07-21
EQ_048,Línea B,219.8,11.87,2.2,17.3,5.1,42.04,0.9007773971440779,89.8,1,2.32,2024-02-16
EQ_023,Línea D,199.45,9.28,1.85,10.54,4.43,25.23,0.9193190761332738,85.96,3,1.34,2024-06-06
EQ_024,Línea D,212.89,14.66,2.86,14.08,4.15,33.18,0.9009997880482143,77.06,0,1.44,2024-07-12
EQ_037,Línea A,199.83,3.31,0.55,5.88,5.15,53.71,0.9796525844041774,83.74,1,0.58,2024-10-05
EQ_035,Línea D,214.45,7.35,1.48,11.87,9.26,61.14,0.8780516500803293,85.58,3,1.15,2024-11-12
EQ_044,Línea C,214.95,4.75,1.0,4.12,9.82,45.2,0.9661834641148489,80.21,0,0.53,2024-09-25
EQ_040,Línea A,225.28,4.95,1.06,11.05,10.29,35.18,0.8935398714170617,90.82,1,0.99,2024-07-17
EQ_022,Línea A,218.62,4.98,0.89,10.54,5.95,30.79,0.9860463415180997,76.75,1,0.96,2024-08-11
EQ_027,Línea B,227.54,8.5,1.89,16.72,6.45,59.15,0.9413387961904004,100.0,1,1.9,2024-09-19
EQ_035,Línea D,225.75,8.68,1.88,15.1,7.87,49.49,0.8825306300027566,92.63,1,1.99,2024-06-14
EQ_001,Línea B,235.47,9.28,1.82,20.07,4.51,41.7,0.9045343793248997,87.79,1,2.64,2024-06-28
EQ_035,Línea C,233.11,4.63,0.87,10.11,8.89,39.32,0.9555820303361664,100.0,1,1.17,2024-07-10
EQ_037,Línea A,231.52,7.03,1.48,14.85,11.87,51.72,0.8950428588212971,82.53,1,1.95,2024-08-03
EQ_047,Línea A,266.57,5.11,1.13,8.55,6.89,51.44,0.9211068242690603,89.89,1,1.04,2024-10-10
EQ_014,Línea A,225.21,10.81,2.35,20.53,10.02,36.03,0.8943527915425529,86.78,1,3.05,2024-12-17
EQ_003,Línea C,258.9,5.39,1.22,11.72,8.0,33.58,1.0,91.38,0,1.17,2024-04-16
EQ_001,Línea C,226.18,7.36,1.64,9.11,5.02,34.08,1.0,96.97,1,1.15,2024-04-07
EQ_005,Línea B,218.76,9.68,1.93,14.62,8.66,40.32,0.9931561976695862,89.39,0,1.75,2024-08-17
EQ_026,Línea B,214.4,6.15,1.1,11.7,6.4,38.1,0.9137813017433084,93.33,3,1.19,2024-09-13
EQ_014,Línea B,242.65,10.08,2.03,18.75,4.28,61.18,0.8998623676646517,80.6,0,2.53,2024-02-12
EQ_039,Línea D,244.61,12.79,2.86,20.85,9.08,39.96,0.8810418210242935,83.35,1,2.22,2024-08-29
EQ_027,Línea A,229.0,8.57,1.87,17.4,10.87,32.5,0.9967860645401554,98.11,1,1.96,2024-02-11
EQ_009,Línea A,237.0,10.7,2.43,12.02,6.76,33.07,0.9665361855350585,89.77,3,1.35,2024-04-04
EQ_015,Línea B,200.84,1.78,0.31,2.24,7.12,43.16,0.9689380440753671,86.99,1,0.23,2024-09-10
EQ_015,Línea A,196.77,6.71,1.11,11.48,11.13,26.78,0.9075036031559555,78.97,2,1.33,2024-07-06
EQ_026,Línea B,238.69,8.55,1.64,9.45,10.51,44.4,0.8321051257871046,92.73,1,1.12,2024-11-02
EQ_042,Línea D,218.1,4.84,0.99,5.43,9.72,31.64,0.8436021195229619,78.75,1,0.73,2024-06-15
EQ_013,Línea D,231.24,8.62,1.63,18.92,5.99,56.59,0.9228817031451255,76.39,1,2.57,2024-09-27
EQ_032,Línea C,209.24,11.18,2.07,11.76,11.28,46.17,0.8938662871816833,85.92,2,1.17,2024-05-04
EQ_039,Línea D,244.85,2.36,0.53,3.23,5.24,66.21,0.8881149352803684,65.78,3,0.41,2024-06-09
EQ_049,Línea B,196.89,4.43,0.86,10.11,9.01,42.72,0.9372574186864312,89.89,1,1.45,2024-03-27
EQ_032,Línea D,199.22,8.55,1.47,14.52,4.23,13.68,0.9706829914929747,88.02,1,1.4,2024-11-04
EQ_004,Línea C,241.66,9.38,1.93,18.52,9.15,59.58,0.8849386465701625,82.18,1,2.19,2024-08-13
EQ_030,Línea A,180.85,10.21,1.72,18.62,6.22,50.02,0.8547195157171912,82.9,0,2.51,2024-05-24
EQ_037,Línea B,225.68,8.33,1.74,8.57,7.6,51.57,0.8861264412261137,84.05,2,1.09,2024-12-10
EQ_023,Línea A,218.39,9.38,1.77,17.08,6.76,34.97,0.8678018018724034,78.69,2,1.64,2024-09-04
EQ_039,Línea C,208.96,10.71,2.21,17.75,5.38,44.57,0.9496416307962995,86.48,1,2.02,2024-12-27
EQ_045,Línea C,217.0,6.76,1.42,15.1,8.98,46.86,0.919794562289504,83.0,0,1.82,2024-01-06
EQ_015,Línea C,207.29,6.17,1.08,8.71,11.06,42.62,1.0,85.9,0,1.3,2024-01-31
EQ_043,Línea A,243.13,7.49,1.54,13.8,11.67,27.66,0.9567342559819132,83.75,2,1.39,2024-07-15
EQ_029,Línea A,247.07,8.6,1.92,15.02,5.54,72.69,1.0,82.18,1,2.24,2024-08-19
EQ_036,Línea A,209.71,6.03,1.21,9.47,9.74,53.36,0.8498062320046192,87.23,0,1.07,2024-10-22
EQ_013,Línea A,224.13,6.82,1.24,12.58,9.31,49.21,0.7573570601784192,91.25,2,1.28,2024-11-20
EQ_032,Línea C,200.12,9.19,1.73,15.62,6.75,58.14,0.9321496014217701,80.8,3,1.79,2024-05-14
EQ_007,Línea C,236.1,8.47,1.86,16.86,4.15,51.44,0.9261610120496054,88.16,1,2.14,2024-01-13
EQ_022,Línea B,235.71,7.44,1.48,11.25,9.52,38.23,0.9138607292726032,89.16,2,1.16,2024-01-04
EQ_028,Línea B,215.57,2.78,0.56,4.62,11.56,57.5,0.9247898362814823,74.73,1,0.5,2024-06-26
EQ_002,Línea A,220.25,7.99,1.74,17.34,9.06,53.52,0.8637986907634696,92.81,0,2.45,2024-08-21
EQ_042,Línea D,218.59,5.09,0.9,9.55,7.48,38.61,0.9481589348942225,100.0,1,1.43,2024-09-15
EQ_045,Línea D,195.72,10.95,1.85,17.71,8.2,52.9,0.956809662005117,84.3,0,1.93,2024-05-19
EQ_006,Línea C,243.19,7.07,1.53,17.43,5.6,42.59,0.8600125641498446,83.63,3,1.72,2024-03-05
EQ_028,Línea C,208.5,5.01,1.02,10.77,10.0,47.08,0.9023181789575355,83.3,1,1.48,2024-10-09
EQ_028,Línea C,208.6,7.82,1.62,13.76,9.97,51.0,0.905406807543012,89.96,1,1.73,2024-12-28
EQ_044,Línea B,217.74,11.81,2.29,21.46,5.16,58.68,0.8864594548919861,89.09,2,2.06,2024-11-01
EQ_044,Línea B,234.93,9.89,2.21,25.22,11.02,38.54,0.861944380493339,72.27,1,3.7,2024-07-23
EQ_020,Línea C,211.13,8.66,1.66,14.86,6.15,48.65,0.9206252495512712,78.07,0,1.41,2024-01-17
EQ_030,Línea C,190.72,4.02,0.7,7.42,11.86,65.16,0.9330402760332149,89.06,4,0.95,2024-07-18
EQ_011,Línea C,206.7,12.86,2.27,21.59,7.06,43.24,0.8894908945617853,83.84,1,2.49,2024-02-01
EQ_028,Línea D,226.36,6.14,1.17,9.85,5.42,46.97,0.8654605701121771,75.67,1,1.22,2024-07-30
EQ_025,Línea B,252.85,10.8,2.34,13.89,6.81,65.14,0.9405278622520686,97.0,0,1.43,2024-09-29
EQ_039,Línea D,201.1,7.02,1.29,9.56,7.52,51.37,0.8816339762382173,78.6,2,1.26,2024-10-16
EQ_033,Línea D,200.55,10.51,1.7,19.96,4.55,30.26,0.9045397243200397,85.29,1,2.95,2024-10-17
EQ_001,Línea C,197.31,11.92,2.31,21.4,8.63,37.05,0.8981961685920891,83.63,0,2.51,2024-08-21
EQ_027,Línea C,195.45,9.94,1.61,13.71,8.78,51.9,0.9822854332084832,76.37,1,1.66,2024-06-30
EQ_013,Línea A,238.09,10.27,2.06,23.62,9.91,49.23,0.8839284767973191,86.48,1,2.47,2024-05-25
EQ_041,Línea A,242.42,7.7,1.69,14.69,4.23,46.63,1.0,88.14,0,2.11,2024-02-19
EQ_003,Línea D,222.67,6.7,1.41,11.57,8.33,66.61,0.9576150969070754,81.26,2,1.72,2024-04-12
EQ_039,Línea B,212.98,8.41,1.47,14.81,4.42,38.83,1.0,82.31,5,2.03,2024-02-02
EQ_006,Línea C,246.87,6.98,1.49,14.45,9.61,44.26,0.9532319414789837,89.8,3,1.77,2024-03-29
EQ_008,Línea C,222.61,15.4,3.41,18.91,4.45,25.37,0.9089477776148915,69.2,1,2.79,2024-12-06
EQ_027,Línea D,236.34,5.02,1.01,7.85,11.29,56.61,0.8741316835423903,78.24,1,0.78,2024-11-10
EQ_009,Línea A,212.25,11.01,2.02,15.72,9.62,37.01,0.9022294304612863,86.71,2,1.87,2024-08-28
EQ_037,Línea B,220.66,9.55,2.04,14.33,8.06,55.57,0.9943640512611613,80.79,0,1.75,2024-09-22
EQ_033,Línea A,201.44,8.69,1.42,11.56,7.53,54.52,0.9176030603827557,80.67,1,1.38,2024-08-10
EQ_042,Línea A,229.44,12.44,2.55,18.63,5.05,68.49,0.9530459693577554,92.21,0,2.57,2024-08-23
EQ_044,Línea A,222.86,8.9,1.74,9.73,6.33,51.49,0.9303485672532996,79.93,2,1.27,2024-06-01
EQ_024,Línea A,206.58,6.1,1.09,7.96,10.95,41.44,0.9324830589254621,100.0,1,0.78,2024-02-26
EQ_015,Línea C,206.78,8.88,1.57,7.19,11.24,49.54,0.9344079841982458,70.96,1,0.8,2024-11-17
EQ_032,Línea C,244.24,7.45,1.49,12.82,4.01,37.41,0.9447670743416227,67.3,3,1.41,2024-04-21
EQ_032,Línea A,249.58,9.51,2.05,22.2,8.75,48.19,0.8792946254454596,92.03,2,2.75,2024-01-15
EQ_024,Línea B,216.8,10.44,1.83,17.94,9.75,42.99,0.9062547864546903,77.13,0,1.93,2024-09-25
EQ_041,Línea D,221.02,5.42,1.15,7.92,8.95,44.3,0.935465666650817,77.26,2,0.77,2024-04-23
EQ_049,Línea B,226.0,11.59,2.3,10.8,4.65,36.02,0.9281743611250098,92.88,0,1.4,2024-09-08
EQ_049,Línea B,222.22,7.24,1.43,8.03,5.74,48.0,0.8969397698193884,81.02,2,1.13,2024-05-21
EQ_012,Línea B,194.89,9.33,1.78,14.89,6.0,53.24,0.9408300457380553,92.28,0,2.17,2024-04-23
EQ_039,Línea A,226.42,9.85,2.08,11.77,10.65,28.48,0.8814429321721391,80.12,2,1.75,2024-10-16
EQ_002,Línea C,188.68,9.1,1.38,11.53,7.71,38.11,0.8588496915531866,87.9,0,1.58,2024-12-22
EQ_003,Línea B,209.01,7.67,1.58,9.25,7.89,46.68,0.9347492883944573,80.91,1,0.91,2024-01-25
EQ_049,Línea A,227.58,6.53,1.26,13.6,11.48,21.53,0.8600754131239622,77.64,2,1.92,2024-11-05
EQ_037,Línea B,229.0,7.19,1.35,9.69,9.1,62.4,0.9340062001209818,98.84,1,1.1,2024-09-11
EQ_049,Línea B,207.85,12.7,2.52,15.03,11.19,37.89,0.8222659502200623,93.93,0,2.01,2024-09-24
EQ_017,Línea A,213.12,5.4,1.04,10.92,7.65,35.62,0.8837506080421601,79.19,2,1.33,2024-05-05
EQ_049,Línea C,211.09,5.84,1.09,7.35,5.2,42.93,0.9036211543475443,83.57,0,1.03,2024-09-06
EQ_002,Línea C,218.46,5.71,1.06,5.19,11.44,46.37,0.839668241269117,96.81,0,0.6,2024-10-13
EQ_002,Línea D,219.6,8.41,1.68,14.39,7.67,37.44,0.9013663863563414,77.09,0,1.35,2024-11-29
EQ_028,Línea A,230.03,3.43,0.67,5.8,5.45,54.8,0.9792509818976206,77.53,1,0.72,2024-02-22
EQ_023,Línea D,212.25,3.94,0.82,7.97,6.42,49.0,0.8564845636558223,88.76,1,0.8,2024-02-12
EQ_037,Línea D,225.6,7.22,1.37,8.11,4.41,36.63,0.9027313377239325,100.0,2,1.2,2024-06-14
EQ_032,Línea D,227.61,4.14,0.92,6.95,7.75,39.78,1.0,85.43,0,0.85,2024-02-11
EQ_033,Línea C,222.97,4.38,0.89,5.57,10.83,29.83,0.8669069568494616,93.4,0,0.69,2024-06-24
EQ_001,Línea A,216.11,4.16,0.87,4.04,11.47,32.47,0.9898611675866936,76.86,2,0.58,2024-03-07
EQ_019,Línea D,222.71,5.46,1.15,12.66,11.46,48.88,0.9060497359977019,87.89,2,1.61,2024-03-06
EQ_002,Línea A,231.28,10.19,2.21,21.73,5.0,36.73,0.9250956042941458,82.12,3,2.35,2024-03-23
EQ_044,Línea A,232.59,10.87,2.19,14.04,7.06,63.04,0.9845741115704693,99.93,1,1.51,2024-12-15
EQ_026,Línea C,247.23,13.76,2.88,25.33,4.23,45.71,0.895745103034949,97.79,0,3.04,2024-04-14
EQ_032,Línea D,205.15,13.65,2.36,13.24,10.84,31.47,0.9515512836701743,100.0,2,1.88,2024-10-13
EQ_006,Línea D,213.4,10.36,2.15,23.91,6.87,33.57,0.9642298553362794,79.44,2,3.29,2024-07-04
EQ_032,Línea A,195.8,11.08,2.09,10.28,9.05,55.53,0.8874592996378967,85.28,1,1.52,2024-10-10
EQ_004,Línea B,233.97,8.39,1.74,7.01,9.72,44.23,0.8819284916450603,88.0,3,0.66,2024-01-04
EQ_011,Línea C,214.98,9.56,1.7,13.63,7.44,54.92,0.9085698452175517,79.75,1,1.45,2024-05-17
EQ_017,Línea C,223.09,13.83,2.7,23.4,6.45,41.34,0.9101342329419381,86.05,1,2.22,2024-06-27
EQ_038,Línea C,210.93,9.11,1.78,15.36,11.7,39.4,0.8660526010454406,92.27,1,2.07,2024-08-24
EQ_024,Línea C,215.1,11.46,2.2,9.76,11.72,56.19,0.8879199750665985,80.6,0,0.96,2024-01-18
EQ_005,Línea D,238.35,5.2,1.18,7.68,6.32,36.41,0.7466547921563922,79.37,1,0.74,2024-10-29
EQ_034,Línea D,230.41,6.0,1.38,11.03,7.84,49.89,0.9032863658352798,78.84,2,1.36,2024-01-09
EQ_006,Línea B,218.33,8.94,1.64,9.4,11.78,42.88,0.9647197090150659,74.25,1,1.08,2024-01-29
EQ_022,Línea C,231.52,8.45,1.74,19.11,4.04,53.79,0.8366655432612726,91.83,2,2.54,2024-05-23
EQ_011,Línea C,231.85,6.14,1.26,5.92,7.3,63.18,0.8968427734228234,79.35,1,0.71,2024-12-13
EQ_048,Línea A,214.13,15.22,2.81,22.2,4.8,41.08,1.0,78.51,1,2.56,2024-05-28
EQ_016,Línea D,197.96,8.52,1.42,13.53,8.07,39.53,0.9188719979333233,89.23,1,1.56,2024-03-04
EQ_033,Línea C,206.51,6.67,1.12,6.83,4.2,51.66,0.9878397183903985,84.92,1,0.97,2024-07-05
EQ_009,Línea B,199.89,8.45,1.65,14.84,7.26,34.18,0.8694042339154402,80.8,1,1.69,2024-08-14
EQ_006,Línea B,237.47,8.08,1.7,18.08,5.77,61.16,0.9424409202886113,91.49,3,1.99,2024-04-27
EQ_016,Línea D,240.07,8.56,1.85,10.22,8.27,59.46,0.8608890884979157,80.48,2,1.13,2024-12-21
EQ_029,Línea B,243.8,3.22,0.77,8.73,11.97,35.01,0.9400532307472143,67.58,2,0.89,2024-09-10
EQ_003,Línea B,189.71,11.88,2.15,18.12,10.4,29.17,0.9621124117379892,95.67,0,2.57,2024-01-31
EQ_020,Línea D,236.07,12.05,2.35,15.03,10.77,33.39,0.9502487922764838,78.37,1,1.48,2024-06-09
EQ_036,Línea C,253.18,12.41,2.87,21.37,9.08,33.55,0.9027531337134241,79.25,3,3.09,2024-08-02
EQ_019,Línea C,236.68,8.98,1.89,12.28,4.33,53.02,0.9337466783008946,79.28,0,1.31,2024-06-17
EQ_026,Línea B,187.73,9.99,1.8,17.64,5.65,60.49,0.9342245967704748,85.48,2,2.54,2024-03-21
EQ_003,Línea B,246.52,5.4,1.26,13.07,11.4,52.9,0.9532994827727577,82.81,2,1.8,2024-02-15
EQ_019,Línea C,220.63,10.5,2.17,23.14,6.93,42.64,0.9138116525896707,92.9,1,2.89,2024-02-18
EQ_020,Línea D,216.51,8.76,1.65,19.61,4.83,48.42,0.9665569400117617,98.16,1,2.55,2024-10-24
EQ_032,Línea B,226.77,6.62,1.44,14.88,9.62,36.3,0.991730269964803,79.57,1,1.63,2024-10-09
EQ_007,Línea A,204.26,10.59,1.75,15.42,6.4,55.97,0.90410662766475,77.5,1,1.92,2024-03-28
EQ_041,Línea D,220.04,10.71,1.96,13.16,6.15,49.32,0.9223219863970981,80.82,2,1.42,2024-04-30
EQ_033,Línea B,244.31,8.18,1.73,14.46,11.98,52.73,0.8747592608094145,88.51,2,1.65,2024-01-03
EQ_040,Línea B,229.34,9.32,1.74,7.53,10.87,37.72,0.9370128661912135,84.07,0,1.02,2024-11-11
EQ_039,Línea A,220.88,4.9,0.92,9.16,7.26,43.31,0.9373318863890397,81.0,1,0.96,2024-08-14
EQ_018,Línea A,221.34,11.73,2.51,18.99,11.84,52.25,0.9228993192516851,74.62,0,2.66,2024-03-19
EQ_040,Línea C,202.28,5.3,1.06,4.41,9.2,59.44,0.9266699827150635,67.33,0,0.5,2024-05-24
EQ_001,Línea D,217.75,5.88,1.1,4.95,9.94,38.92,1.0,76.96,2,0.6,2024-08-29
EQ_011,Línea D,195.49,8.19,1.37,9.73,4.25,52.8,0.7756638597968262,95.12,2,1.43,2024-02-01
EQ_028,Línea C,235.34,11.34,2.28,19.76,4.97,37.88,0.8951671561020266,88.49,0,2.59,2024-09-19
EQ_025,Línea D,187.21,11.34,1.82,14.04,9.06,66.17,0.902813816095396,83.47,2,1.81,2024-07-29
EQ_050,Línea D,232.82,7.99,1.5,13.43,11.19,40.85,0.9928456306477151,90.84,2,1.78,2024-03-11
EQ_023,Línea D,234.69,10.32,2.39,18.74,8.99,51.44,0.9437644404659291,74.7,3,2.72,2024-07-15
EQ_031,Línea D,239.78,2.93,0.59,5.48,5.07,46.66,0.9449842918069078,85.45,0,0.57,2024-02-27
EQ_030,Línea D,221.3,5.84,1.14,6.56,4.93,71.05,0.9829928095451563,70.71,1,0.83,2024-04-21
EQ_042,Línea A,233.75,5.9,1.11,5.44,10.75,47.3,0.911002164909836,87.77,1,0.62,2024-02-17
EQ_035,Línea D,217.6,11.76,2.49,21.84,5.11,39.85,0.9526163267914116,87.08,1,1.98,2024-07-03
EQ_007,Línea A,202.2,9.96,1.91,15.05,8.16,51.4,0.8934617055923322,87.27,0,1.47,2024-11-22
EQ_016,Línea D,242.96,8.55,2.06,8.68,4.3,51.17,0.8673346837077269,94.34,0,0.95,2024-06-13
EQ_026,Línea C,218.55,8.85,1.85,13.03,4.65,43.43,1.0,91.21,1,1.61,2024-08-02
EQ_048,Línea B,198.86,12.71,2.18,10.57,9.38,34.05,0.9384515864882066,75.33,1,1.51,2024-11-26
EQ_049,Línea A,213.0,7.49,1.36,11.22,9.51,39.72,0.9522331297437301,94.46,0,1.54,2024-11-25
EQ_002,Línea D,213.59,4.06,0.81,5.8,6.73,53.81,0.8659912657617334,83.32,0,0.71,2024-04-30
EQ_001,Línea C,226.93,11.26,2.23,19.86,5.72,27.53,0.9455176322930945,69.24,0,1.88,2024-07-31
EQ_048,Línea B,255.21,8.55,1.99,20.79,10.51,42.52,1.0,84.13,1,2.23,2024-11-06
EQ_012,Línea A,227.84,10.86,1.98,12.67,5.74,54.95,0.9061274965807803,90.18,4,1.42,2024-02-10
EQ_005,Línea B,223.1,7.87,1.43,16.73,8.34,44.07,0.8572100279410698,76.89,2,2.13,2024-12-18
EQ_037,Línea C,256.84,5.48,1.28,10.6,11.75,66.74,0.9291988096827056,95.66,0,1.0,2024-10-15
EQ_032,Línea A,234.68,9.21,1.97,17.62,5.18,27.55,0.8682051547394853,77.61,0,2.15,2024-06-16
EQ_009,Línea B,223.81,8.03,1.71,16.15,11.53,35.39,0.8421100651764489,81.15,1,2.33,2024-02-03
EQ_041,Línea D,212.81,8.55,1.5,14.0,5.46,21.85,0.8832617152629608,79.68,1,1.85,2024-11-13
EQ_035,Línea A,224.74,12.85,2.61,21.11,8.54,64.94,0.8953701102612,71.33,2,2.91,2024-10-01
EQ_019,Línea B,219.0,4.7,0.86,6.39,7.02,35.55,0.8706375102724522,77.05,3,0.84,2024-07-15
EQ_048,Línea C,221.37,8.86,1.61,7.13,11.72,25.13,0.986323339106928,79.31,1,0.73,2024-07-09
EQ_016,Línea C,239.72,5.54,1.17,4.89,6.19,38.88,1.0,83.96,3,0.47,2024-08-08
EQ_003,Línea A,211.9,0.23,0.04,0.27,7.2,31.07,0.9509044008103716,60.99,0,0.04,2024-01-10
EQ_020,Línea B,227.7,7.85,1.51,10.07,11.86,38.95,0.9392097746051531,90.73,1,1.33,2024-04-29
EQ_024,Línea A,234.23,8.09,1.64,11.65,8.29,45.41,0.9128975943644445,90.65,0,1.45,2024-05-02
EQ_033,Línea A,210.07,9.87,1.77,9.04,8.02,53.05,0.8751833592943469,94.45,2,0.92,2024-09-03
EQ_024,Línea B,207.66,7.35,1.25,12.38,6.06,43.25,1.0,73.07,1,1.56,2024-12-25
EQ_011,Línea B,217.74,3.53,0.63,6.84,9.61,45.25,0.9168573251454828,82.66,0,0.63,2024-08-08
EQ_049,Línea D,213.08,5.53,0.99,11.39,4.11,39.18,0.896870726396675,92.53,2,1.11,2024-09-17
EQ_008,Línea B,237.28,11.95,2.3,18.26,4.4,29.88,0.9707378312001602,93.22,3,1.99,2024-02-27
EQ_036,Línea C,204.97,5.49,1.04,9.99,8.79,26.53,0.9163207905059794,96.83,3,1.17,2024-11-10
EQ_038,Línea A,221.03,12.75,2.42,26.24,6.73,41.36,0.968864712154574,85.82,0,2.55,2024-05-07
EQ_040,Línea A,258.19,11.15,2.46,18.07,11.63,45.85,0.8995125646732228,84.55,2,1.76,2024-07-05
EQ_020,Línea C,226.2,7.05,1.38,8.94,11.23,40.61,0.9708818462726837,72.54,0,1.19,2024-07-23
EQ_035,Línea B,228.69,5.81,1.24,14.25,9.71,26.91,0.9689883608470682,93.52,4,1.77,2024-03-26
EQ_048,Línea C,237.41,11.14,2.58,20.96,10.55,47.01,0.9862414210995046,81.32,2,2.56,2024-04-13
EQ_025,Línea C,213.06,7.28,1.48,11.81,9.34,61.29,0.8845287580203254,85.27,3,1.38,2024-05-22
EQ_035,Línea D,203.78,3.36,0.65,3.53,5.0,43.85,0.9158480281810505,84.74,0,0.52,2024-07-23
EQ_025,Línea C,222.65,9.69,1.93,9.39,10.12,39.2,1.0,65.84,1,0.87,2024-05-08
EQ_029,Línea A,223.98,9.25,1.94,20.83,5.68,44.4,0.9076793960447774,78.51,1,2.1,2024-09-02
EQ_018,Línea C,195.73,11.41,2.03,18.09,6.59,33.96,0.9605512899016239,88.63,0,2.33,2024-02-07
EQ_046,Línea A,225.63,9.05,1.72,11.36,10.55,33.31,1.0,84.61,0,1.12,2024-12-28
EQ_018,Línea A,236.05,6.35,1.26,6.97,8.29,49.51,0.8275479402066269,88.69,0,0.87,2024-04-18
EQ_002,Línea A,206.31,11.81,2.09,17.65,10.88,54.9,0.9060222181014213,91.27,1,2.19,2024-11-04
EQ_035,Línea B,226.53,12.1,2.69,23.33,5.7,43.53,0.9200935091945939,78.41,0,3.46,2024-02-21
EQ_016,Línea D,233.38,8.7,1.85,10.46,8.86,25.26,0.8300560670363052,80.88,0,1.5,2024-01-01
EQ_041,Línea A,228.8,8.18,1.77,19.14,4.67,48.53,0.8972014391009729,83.87,2,2.81,2024-01-11
EQ_036,Línea A,230.22,4.03,0.81,3.79,9.14,65.67,0.8714309361472967,91.19,2,0.37,2024-11-09
EQ_033,Línea B,216.33,6.18,1.18,8.08,10.1,42.56,0.9628842734175422,83.13,1,1.15,2024-08-22
EQ_004,Línea A,203.09,10.28,1.72,16.24,8.68,43.22,0.8333676322436201,70.75,1,1.59,2024-05-07
EQ_033,Línea C,213.29,6.33,1.13,7.0,6.13,36.27,1.0,83.41,1,0.9,2024-08-01
EQ_014,Línea C,211.21,3.63,0.74,7.86,4.25,49.81,0.9544948706628973,90.87,2,1.05,2024-08-30
EQ_021,Línea D,218.8,18.49,3.71,36.8,4.96,38.29,0.8673089209886481,95.86,1,3.67,2024-02-13
EQ_048,Línea A,236.4,3.61,0.74,7.63,8.98,55.22,0.971320972743599,87.24,1,0.98,2024-01-06
EQ_020,Línea B,200.32,14.77,2.84,14.07,11.48,38.42,0.9498489836758756,73.11,0,1.31,2024-06-04
EQ_008,Línea C,222.16,7.08,1.34,6.87,5.65,48.42,0.9180616187604663,81.75,1,0.74,2024-01-08
EQ_007,Línea B,204.05,7.75,1.57,9.88,9.88,44.54,0.8839271558712067,88.8,1,1.44,2024-01-05
EQ_003,Línea B,208.9,5.98,1.09,8.88,10.93,60.55,0.9473831641003743,91.93,1,0.89,2024-12-27
EQ_017,Línea C,228.38,10.35,2.05,20.47,8.17,49.09,0.9261460182873965,89.06,1,1.92,2024-06-30
EQ_033,Línea B,202.15,3.68,0.64,6.84,9.35,58.87,0.8855379743867409,82.99,0,0.8,2024-04-21
EQ_048,Línea C,231.01,2.48,0.47,4.53,10.52,46.09,0.8528372452951913,91.87,0,0.64,2024-09-29
EQ_012,Línea B,199.72,12.83,2.11,24.11,6.09,43.29,0.8774705489581434,79.88,0,2.28,2024-09-21
EQ_022,Línea C,230.0,5.59,1.2,11.89,6.38,44.62,0.8948351072181387,86.48,1,1.32,2024-07-30
EQ_022,Línea A,196.76,10.24,1.96,12.64,4.01,37.29,0.9781243642095738,91.0,2,1.82,2024-03-18
EQ_046,Línea D,210.73,4.74,0.96,5.88,11.7,50.32,0.9630379474878621,89.61,1,0.57,2024-09-26
EQ_030,Línea C,248.45,10.13,2.08,19.9,11.34,38.1,0.8974966232842962,89.79,3,2.16,2024-06-02
EQ_038,Línea C,245.63,13.05,2.91,16.13,10.12,46.12,0.8994403020153804,89.59,1,2.21,2024-08-08
EQ_038,Línea D,213.81,6.42,1.13,5.36,4.63,53.55,0.9695676139775851,76.61,0,0.66,2024-12-12
EQ_045,Línea C,225.85,2.2,0.4,3.3,7.58,60.84,0.9333673374712632,85.14,1,0.46,2024-01-25
EQ_008,Línea C,238.06,13.07,2.9,30.66,4.82,46.63,0.932670737993715,77.73,3,2.96,2024-12-19
EQ_027,Línea B,230.22,10.78,2.25,10.82,4.13,53.61,0.8848312297252842,82.68,2,1.57,2024-07-26
EQ_027,Línea D,215.9,6.58,1.16,11.99,8.93,52.42,0.9138290571475928,75.65,2,1.75,2024-01-03
EQ_034,Línea A,208.77,7.35,1.24,13.01,11.69,41.18,0.9202130833609544,87.76,1,1.29,2024-08-02
EQ_021,Línea C,233.02,4.67,1.09,8.57,11.22,66.08,0.9154404126513145,69.28,0,0.79,2024-04-21
EQ_030,Línea D,236.96,12.26,2.34,10.43,9.57,39.24,0.9567033955927932,89.94,2,1.56,2024-07-10
EQ_033,Línea B,245.74,6.4,1.4,7.56,4.77,45.91,0.9582676919708025,85.12,0,0.9,2024-02-16
EQ_028,Línea A,194.69,3.74,0.66,6.38,6.19,59.54,0.8740521082650232,100.0,0,0.79,2024-08-08
EQ_047,Línea D,201.2,8.64,1.43,13.86,6.56,59.29,0.8949892742124562,83.36,1,1.76,2024-07-05
EQ_033,Línea A,237.43,5.42,1.07,11.97,10.11,45.14,0.8856313233389852,83.36,0,1.64,2024-02-19
EQ_005,Línea A,196.73,4.91,0.84,7.28,10.42,54.9,0.9894262883055107,90.46,0,1.01,2024-07-15
EQ_048,Línea A,238.58,6.71,1.52,7.59,7.08,42.76,1.0,83.83,2,0.77,2024-08-03
EQ_019,Línea C,216.78,8.26,1.61,8.0,7.34,40.11,0.8968189312431545,87.2,1,0.83,2024-08-08
EQ_004,Línea C,212.19,3.86,0.76,7.42,4.36,32.87,0.9116452377221559,92.96,2,1.06,2024-03-30
EQ_035,Línea B,223.08,12.16,2.7,14.77,6.31,52.24,0.9621157415598666,82.86,0,2.06,2024-08-19
EQ_049,Línea B,199.82,10.03,1.91,12.66,7.61,53.29,0.8846394460385139,94.56,1,1.61,2024-11-18
EQ_017,Línea D,232.36,6.9,1.42,11.21,4.94,39.32,0.9632454163791239,71.57,1,1.68,2024-09-14
EQ_044,Línea B,245.34,5.29,1.15,4.83,7.63,47.68,0.9189565368468894,97.83,0,0.65,2024-06-01
EQ_028,Línea A,233.06,7.73,1.66,9.94,10.83,71.51,0.8328130148525019,70.69,3,1.02,2024-09-12
EQ_030,Línea A,216.3,10.7,2.16,15.69,8.65,56.47,0.8549783209814154,95.82,1,2.21,2024-09-14
EQ_029,Línea C,196.93,10.23,1.81,11.29,4.63,35.99,0.9031072966374605,70.07,2,1.3,2024-03-05
EQ_046,Línea A,197.51,11.18,2.05,10.44,5.53,55.02,0.9811474277395423,100.0,1,0.96,2024-07-08
EQ_006,Línea D,200.06,6.56,1.06,10.41,7.8,36.03,0.8753732700805511,86.29,1,1.14,2024-03-31
EQ_035,Línea A,219.82,-0.77,-0.15,-1.58,6.89,16.05,0.8932949699346018,77.44,0,-0.21,2024-06-21
EQ_041,Línea A,221.7,11.74,2.23,13.51,6.87,44.8,0.9305562113391299,99.92,2,1.99,2024-09-03
EQ_037,Línea D,233.03,7.5,1.44,14.68,8.23,60.63,0.8365617521969496,76.29,1,1.56,2024-09-12
EQ_024,Línea B,193.06,10.0,1.58,11.19,8.68,58.97,0.9349276640528824,83.18,3,1.17,2024-04-25
EQ_029,Línea B,239.67,13.01,2.87,23.11,10.37,48.77,0.842812995695045,100.0,2,2.86,2024-02-18
EQ_049,Línea D,230.42,15.3,3.19,34.61,6.73,39.58,0.9483592104730894,88.16,2,4.8,2024-08-14
EQ_046,Línea C,215.1,6.05,1.11,11.1,10.44,49.86,0.8795610958881303,68.79,2,1.5,2024-03-09
EQ_031,Línea A,202.15,8.4,1.52,15.87,6.71,42.31,0.8728975429892593,82.81,0,1.96,2024-05-05
EQ_035,Línea D,238.74,12.1,2.6,13.25,4.44,39.86,0.9336398312265898,82.11,1,1.69,2024-07-31
EQ_033,Línea A,215.5,5.47,0.99,4.51,8.43,55.62,0.9596995254750533,86.51,1,0.47,2024-02-22
EQ_021,Línea C,219.7,6.25,1.28,14.27,8.7,39.74,0.9388129928028593,84.64,3,1.65,2024-04-21
EQ_032,Línea A,225.75,6.24,1.35,9.59,11.48,56.27,0.9303821749925179,89.37,1,1.01,2024-06-07
EQ_023,Línea D,206.3,7.92,1.57,9.9,9.81,39.08,0.9310901104708615,72.78,2,1.42,2024-08-27
EQ_033,Línea A,215.77,7.34,1.46,14.3,11.34,65.58,0.9391160943880831,80.62,0,1.38,2024-05-29
EQ_003,Línea B,232.98,6.22,1.31,14.01,11.27,28.59,0.9424018098024253,87.49,1,1.83,2024-05-18
EQ_018,Línea C,231.46,5.1,0.96,10.46,8.84,35.43,0.9002859474966524,78.9,0,1.1,2024-04-22
EQ_025,Línea C,231.6,10.44,2.07,13.51,8.22,43.45,0.952725147439037,93.77,3,1.6,2024-05-22
EQ_042,Línea C,202.67,12.01,1.99,21.53,8.46,25.16,0.88009048874094,79.06,0,2.32,2024-05-17
EQ_031,Línea D,216.45,12.45,2.68,11.6,11.83,19.29,0.9745696631810687,86.15,1,1.27,2024-10-30
EQ_003,Línea C,214.05,6.56,1.16,5.1,10.19,25.25,0.9591221824394242,84.16,1,0.54,2024-01-31
EQ_040,Línea B,226.38,10.56,1.99,17.89,4.85,42.08,1.0,76.88,2,2.42,2024-10-19
EQ_046,Línea D,225.03,8.71,1.92,8.65,10.23,42.33,0.9456924225652785,85.48,1,0.97,2024-04-17
EQ_024,Línea B,222.33,6.29,1.38,9.1,5.36,48.33,0.9654549843273795,74.5,1,1.22,2024-10-10
EQ_050,Línea A,256.99,10.2,2.5,23.46,7.58,43.03,0.8419730855993699,81.45,1,2.75,2024-06-07
EQ_032,Línea A,215.64,6.15,1.06,7.1,5.68,48.0,0.9670848371152861,85.24,1,0.87,2024-11-21
EQ_047,Línea A,213.88,6.87,1.18,6.42,9.52,40.5,0.9788228011182132,73.58,0,0.79,2024-01-14
EQ_022,Línea A,202.65,3.87,0.69,4.31,11.02,52.15,0.9952360646694226,89.99,2,0.64,2024-05-01
EQ_023,Línea B,196.93,6.61,1.08,8.27,6.32,50.94,0.926023317617075,87.08,0,0.93,2024-08-02
EQ_002,Línea D,201.7,8.76,1.42,11.08,4.66,41.73,0.9029053311945995,89.26,4,1.14,2024-09-28
EQ_027,Línea D,209.22,12.71,2.37,24.33,6.39,50.33,0.865524261236169,85.02,0,3.52,2024-01-25
EQ_042,Línea C,239.65,6.94,1.64,16.4,9.38,43.09,0.8700982019066481,75.79,0,1.65,2024-11-17
EQ_002,Línea B,220.59,4.89,0.93,7.12,6.63,29.78,0.9187196662722142,85.0,0,1.0,2024-10-20
EQ_026,Línea A,222.9,12.49,2.6,27.99,6.22,54.04,0.8324281001398084,89.98,3,2.77,2024-06-17
EQ_017,Línea B,218.56,6.49,1.32,6.49,5.48,35.93,0.8815890695959351,75.48,3,0.84,2024-04-12
EQ_040,Línea C,225.48,2.75,0.53,3.2,7.98,53.94,0.9244761025380326,76.11,1,0.32,2024-12-19
EQ_033,Línea C,241.03,8.4,1.88,19.97,6.21,48.24,0.9233601726355106,83.03,2,2.9,2024-02-09
EQ_009,Línea B,190.09,7.03,1.13,7.94,9.85,44.15,0.8715303123314585,82.03,1,0.98,2024-08-22
EQ_043,Línea B,238.28,14.9,2.93,34.72,4.61,26.23,0.8583068344770682,84.87,1,3.81,2024-11-15
EQ_048,Línea B,182.27,9.43,1.62,12.52,9.31,60.4,0.8657743771806992,82.67,2,1.23,2024-03-29
EQ_039,Línea D,220.42,7.56,1.37,14.16,5.9,41.37,0.9089573920597566,86.28,1,1.59,2024-04-09
EQ_029,Línea A,252.88,5.23,1.32,9.53,7.91,51.35,1.0,94.77,0,1.26,2024-05-23
EQ_042,Línea B,230.21,8.99,1.73,12.8,6.29,43.86,0.9730169543033637,89.31,4,1.45,2024-03-22
EQ_026,Línea B,225.6,12.37,2.56,18.08,9.78,42.29,0.930709720194212,85.45,2,1.89,2024-03-17
EQ_035,Línea B,250.03,8.94,1.97,19.21,11.56,46.93,0.9476945382671852,76.15,0,2.39,2024-02-28
EQ_050,Línea C,209.45,5.46,0.94,7.88,11.34,45.27,0.9707932436940071,79.22,2,0.91,2024-08-16
EQ_025,Línea C,226.51,9.62,1.76,20.33,8.67,42.33,0.9537809325464496,91.73,1,2.03,2024-03-31
EQ_024,Línea D,228.67,7.85,1.66,9.97,7.7,44.45,0.9045895013286371,81.25,2,0.99,2024-12-19
EQ_013,Línea A,212.16,9.35,1.91,9.18,10.55,49.27,0.8777205896714231,77.26,0,1.22,2024-01-01
EQ_007,Línea D,213.49,6.94,1.43,10.22,9.47,49.98,0.9137362914637231,100.0,0,1.52,2024-09-25
EQ_036,Línea A,211.84,6.87,1.3,11.61,5.47,45.43,0.970212083345596,97.2,2,1.21,2024-10-12
EQ_045,Línea C,221.31,6.75,1.43,15.57,10.57,51.21,0.906480441227788,84.0,0,2.12,2024-07-15
EQ_020,Línea C,228.2,10.83,2.31,15.64,7.43,40.76,0.8647662185431175,76.34,1,1.49,2024-09-30
EQ_001,Línea C,221.85,6.9,1.45,13.38,5.51,67.25,0.8338276003612839,90.79,0,1.51,2024-03-18
EQ_008,Línea D,230.64,6.62,1.37,9.32,6.25,59.86,0.9139484619160895,81.08,2,1.12,2024-05-20
EQ_046,Línea B,190.46,5.17,0.91,8.13,6.14,52.62,0.868717887873108,92.11,1,0.86,2024-10-14
EQ_016,Línea B,216.73,9.36,1.95,21.6,8.15,25.58,0.8981742056811867,81.09,0,2.63,2024-03-11
EQ_014,Línea C,204.65,8.94,1.61,9.42,5.87,51.06,0.9928116264426661,98.16,0,1.35,2024-02-19
EQ_012,Línea B,224.53,6.65,1.44,10.42,4.99,41.63,0.917307514437653,80.85,1,1.53,2024-03-20
EQ_023,Línea B,224.3,5.87,1.21,14.45,4.99,35.21,0.8824769612625611,100.0,1,1.39,2024-08-22
EQ_015,Línea D,218.27,13.63,2.48,27.15,8.67,41.38,0.9354375640495934,86.56,0,2.89,2024-10-13
EQ_028,Línea A,227.65,2.36,0.43,3.66,9.88,36.32,1.0,96.07,0,0.54,2024-11-02
EQ_034,Línea C,234.97,9.48,1.94,15.78,6.57,50.07,0.9139651875796487,80.68,3,1.68,2024-06-03
EQ_002,Línea C,219.09,11.87,2.36,14.81,4.28,61.16,0.8022236848674015,74.51,1,1.95,2024-02-29
EQ_032,Línea D,204.22,-2.16,-0.43,-3.5,5.02,53.26,0.952503828826299,66.55,0,-0.37,2024-02-02
EQ_023,Línea D,196.28,10.38,1.68,18.12,11.32,72.63,0.9373215030463419,95.21,1,2.02,2024-05-06
EQ_022,Línea B,220.54,7.34,1.55,14.7,7.95,29.46,0.9245061177747863,85.54,1,1.49,2024-08-08
EQ_025,Línea C,223.63,8.77,1.91,12.07,7.63,39.94,0.9090411370669517,75.02,2,1.71,2024-07-18
EQ_022,Línea A,205.46,7.03,1.2,6.73,4.3,35.57,0.879636391255761,95.55,1,0.96,2024-05-05
EQ_022,Línea D,230.89,11.23,2.52,15.43,9.83,57.29,0.995748711196693,94.25,2,1.66,2024-02-10
EQ_049,Línea A,213.12,9.09,1.93,10.34,8.22,42.79,0.8280845332645477,96.06,0,1.44,2024-10-01
EQ_042,Línea A,195.15,8.4,1.55,7.39,5.62,46.9,0.9045519459594131,74.28,1,0.82,2024-10-23
EQ_006,Línea C,238.85,5.3,1.21,8.9,4.88,51.34,0.9033829914207064,94.97,3,0.85,2024-03-25
EQ_015,Línea C,237.16,13.65,3.23,15.85,7.07,30.45,0.9626720901198598,88.07,1,2.15,2024-03-29
EQ_043,Línea D,189.77,8.03,1.4,7.53,10.7,38.79,0.9817830322691873,96.42,2,0.95,2024-02-11
EQ_037,Línea C,211.56,14.87,2.71,22.71,10.92,54.97,0.9086633094986254,89.34,2,2.42,2024-04-29
EQ_033,Línea C,210.98,13.78,2.81,14.94,8.82,39.52,0.9296482926134344,86.38,1,1.57,2024-10-05
EQ_008,Línea C,244.59,2.66,0.6,2.71,9.82,27.86,0.9338993407238619,95.08,2,0.4,2024-02-02
EQ_044,Línea A,218.51,6.04,1.21,7.91,4.92,35.98,0.9726663119704793,91.82,2,1.12,2024-10-02
EQ_044,Línea D,197.56,4.89,0.82,4.73,8.71,42.14,0.9716365223681533,93.65,0,0.66,2024-06-01
EQ_005,Línea B,233.23,7.86,1.74,14.13,9.34,46.67,0.8930793227750535,81.1,0,1.38,2024-03-30
EQ_039,Línea A,201.54,8.56,1.41,6.79,5.61,44.29,0.9418950700718156,83.62,1,0.92,2024-04-13
EQ_004,Línea C,216.09,8.69,1.85,18.53,11.04,38.86,0.9391625896236433,71.13,2,1.91,2024-01-12
EQ_006,Línea A,208.45,11.16,2.01,22.61,5.56,54.39,0.9142045026575066,80.52,2,3.36,2024-06-08
EQ_045,Línea C,211.59,12.48,2.18,21.69,6.51,43.71,0.938689086701608,91.32,1,2.02,2024-07-14
EQ_032,Línea C,234.06,10.9,2.27,18.76,8.96,47.09,0.9210093880938113,89.51,1,2.08,2024-11-02
EQ_030,Línea A,242.82,6.32,1.24,13.5,9.11,39.39,0.9278945299557243,77.16,0,1.56,2024-09-18
EQ_047,Línea D,200.88,5.65,1.06,10.13,9.6,60.09,0.8521996844143751,95.26,3,1.41,2024-03-31
EQ_035,Línea C,229.39,8.01,1.8,7.35,4.9,41.08,0.8741019313965686,100.0,1,1.0,2024-07-15
EQ_040,Línea D,209.01,9.28,1.88,13.45,10.8,45.75,0.9608877754786596,77.78,0,1.51,2024-03-09
EQ_016,Línea B,209.47,7.45,1.29,13.94,8.26,55.35,0.8594706061590441,83.35,0,1.73,2024-08-07
EQ_013,Línea C,227.36,3.96,0.74,5.01,7.77,47.8,0.9435054604597847,80.03,0,0.7,2024-08-01
EQ_050,Línea D,204.58,10.05,1.98,8.48,11.85,47.55,0.9159287009487275,84.24,3,0.77,2024-05-25
EQ_042,Línea D,227.06,6.82,1.53,15.25,9.92,25.26,0.9715327364664916,87.19,2,2.11,2024-08-20
EQ_030,Línea B,230.95,6.73,1.39,14.48,4.94,51.81,0.9524400271048343,79.42,1,2.13,2024-08-21
EQ_019,Línea D,213.51,7.84,1.51,7.98,10.05,45.56,0.8973360414771583,82.78,0,0.73,2024-08-01
EQ_017,Línea D,239.91,7.28,1.51,12.53,4.76,50.42,0.9088375826064226,85.7,1,1.16,2024-03-01
EQ_019,Línea B,200.91,6.9,1.36,7.53,4.22,46.83,0.8207231092719958,88.77,1,0.83,2024-12-28
EQ_028,Línea C,240.18,4.16,0.93,9.07,7.23,39.41,0.9134800942403636,96.73,0,0.86,2024-03-18
EQ_026,Línea D,190.84,7.66,1.25,7.72,11.95,53.94,0.8564925628697905,84.88,1,0.92,2024-04-04
EQ_037,Línea D,260.5,10.11,2.26,14.76,5.4,46.98,0.9090646820995723,80.51,0,1.97,2024-11-25
EQ_026,Línea D,213.91,8.79,1.84,19.8,9.38,32.11,0.8881040883022066,90.57,1,2.46,2024-08-03
EQ_023,Línea A,202.57,10.84,1.76,13.75,5.39,58.09,0.876168539905526,88.2,1,1.4,2024-07-31
EQ_009,Línea B,216.51,5.81,1.09,10.2,9.8,30.7,0.9793862256060107,83.46,2,1.32,2024-10-30
EQ_012,Línea A,204.3,4.17,0.78,5.63,8.04,54.01,0.8561894551496474,88.88,2,0.74,2024-07-18
EQ_001,Línea B,225.8,7.26,1.36,8.68,9.44,59.87,0.8718467443294078,81.93,1,1.27,2024-12-17
EQ_001,Línea C,240.51,6.16,1.21,10.89,5.62,33.94,0.885089447830496,80.76,2,1.08,2024-01-31
EQ_047,Línea C,205.1,6.47,1.28,6.71,9.97,43.77,0.8959440970564705,69.81,3,0.88,2024-10-16
EQ_034,Línea D,228.69,8.64,1.93,13.48,11.96,42.84,0.8761610744264228,82.38,0,1.95,2024-12-08
EQ_032,Línea B,197.01,6.49,1.23,6.98,9.33,43.29,0.9020425753846855,70.9,1,0.84,2024-05-14
EQ_048,Línea C,235.49,4.25,0.98,9.38,7.95,63.3,0.9351077158409433,79.88,0,1.05,2024-03-23
EQ_025,Línea B,226.24,6.32,1.3,15.02,11.39,34.05,0.9534929379014483,89.64,3,1.51,2024-02-16
EQ_040,Línea C,236.14,9.02,2.05,24.53,4.13,41.93,0.9510653978705127,72.96,3,3.48,2024-07-24
EQ_045,Línea A,218.16,10.01,1.91,14.52,9.84,60.03,0.8245898710834468,83.48,2,1.65,2024-03-17
EQ_001,Línea C,213.47,9.98,1.99,11.98,11.11,41.77,0.9390097946755719,85.52,2,1.74,2024-09-15
EQ_016,Línea A,232.24,9.27,2.15,16.22,4.49,35.64,0.9420949246356564,83.09,0,2.28,2024-04-01
EQ_039,Línea C,200.38,7.5,1.27,13.69,7.6,47.63,0.8868800428144412,81.15,3,1.54,2024-04-09
EQ_005,Línea D,193.86,9.21,1.57,8.87,5.64,53.06,1.0,87.6,2,1.1,2024-07-13
EQ_022,Línea A,219.93,7.87,1.55,18.01,8.53,41.07,0.9743833115907294,88.71,0,1.65,2024-07-10
EQ_029,Línea C,214.16,8.34,1.48,9.97,9.2,50.54,0.9108487808429478,85.01,2,1.05,2024-03-08
EQ_003,Línea D,228.31,5.18,0.97,11.53,6.42,31.23,0.8902015847365884,81.59,1,1.53,2024-08-29
EQ_012,Línea A,236.37,8.13,1.86,19.92,7.68,31.79,1.0,91.92,2,2.6,2024-03-30
EQ_026,Línea D,228.0,9.14,2.07,21.67,6.23,40.6,0.9190493131070273,74.51,0,2.41,2024-12-10
EQ_016,Línea B,235.18,9.02,1.87,12.24,6.96,50.9,0.9242518528830204,90.5,2,1.7,2024-01-10
EQ_037,Línea B,224.82,4.14,0.76,3.09,5.28,52.61,0.9236228298562925,88.36,2,0.32,2024-09-20
EQ_022,Línea A,227.42,8.29,1.53,10.8,11.08,33.18,1.0,86.59,2,1.27,2024-09-24
EQ_029,Línea C,218.25,3.67,0.78,5.0,4.08,52.24,0.909174236794648,84.92,1,0.59,2024-11-15
EQ_014,Línea A,226.98,8.52,1.73,7.44,11.06,46.67,0.9188179011600592,69.88,0,0.82,2024-04-27
EQ_028,Línea D,222.5,5.9,1.13,9.09,8.57,36.21,0.8784468668500571,96.1,2,1.34,2024-09-06
EQ_005,Línea C,224.88,13.12,2.64,19.07,6.65,31.66,0.9005250278868181,91.71,0,2.51,2024-02-28
EQ_047,Línea B,217.5,8.36,1.57,14.25,9.78,47.3,0.8684303902856751,77.31,0,1.74,2024-07-13
EQ_049,Línea C,232.13,10.4,2.17,19.46,8.06,57.9,0.8794633373483439,91.07,1,2.35,2024-02-19
EQ_030,Línea B,209.34,14.33,2.92,14.5,7.99,45.36,0.8295024171096135,86.51,0,1.44,2024-10-22
EQ_046,Línea C,219.72,5.55,1.12,13.23,4.88,35.65,0.9640762285489385,80.34,1,1.49,2024-04-06
EQ_005,Línea C,239.68,9.31,2.1,11.54,7.12,26.32,0.9278373168792957,94.53,2,1.5,2024-05-06
EQ_012,Línea C,205.77,4.44,0.8,6.05,5.93,60.29,0.9319554646140411,81.55,1,0.88,2024-09-02
EQ_016,Línea D,187.57,9.03,1.61,12.73,4.13,55.42,0.9173780846733566,95.85,0,1.77,2024-03-27
EQ_026,Línea D,225.5,13.3,2.8,29.41,6.88,48.02,0.9235883008758672,89.27,1,3.18,2024-03-17
EQ_026,Línea A,216.15,6.12,1.09,5.23,4.72,59.78,1.0,92.65,1,0.61,2024-07-22
EQ_048,Línea A,235.16,5.34,1.15,8.54,6.05,47.24,0.881561360408263,89.63,0,0.81,2024-05-25
EQ_021,Línea B,218.04,7.73,1.43,12.91,4.74,39.69,0.9339178399139592,89.26,3,1.24,2024-05-28
EQ_039,Línea D,210.93,14.14,2.87,16.42,4.81,50.55,0.9336495571412505,86.72,2,1.94,2024-04-20
EQ_036,Línea B,218.86,10.31,2.0,18.04,5.59,36.7,0.977099461419788,79.19,0,2.2,2024-05-08
EQ_033,Línea A,236.4,5.29,1.25,14.24,12.0,35.04,0.9419327406276876,85.5,1,1.51,2024-09-09
EQ_030,Línea B,228.63,12.37,2.31,27.67,4.02,52.72,0.9444459422413676,92.33,1,3.56,2024-06-14
EQ_037,Línea A,183.49,3.03,0.53,2.26,9.11,53.56,0.8570865214730072,90.75,1,0.3,2024-10-23
EQ_023,Línea D,222.79,14.41,3.0,17.65,5.13,32.26,0.879554882414751,89.01,0,1.91,2024-05-16
EQ_010,Línea C,223.54,10.57,2.25,14.59,11.37,32.63,0.8616555797968204,68.23,0,1.98,2024-10-05
EQ_005,Línea D,219.73,13.29,2.52,18.13,4.75,40.55,0.7962064101255972,83.29,0,1.86,2024-11-29
EQ_036,Línea B,210.84,3.06,0.58,3.44,11.64,37.89,0.939859966805382,82.45,1,0.42,2024-01-11
EQ_034,Línea B,237.92,8.51,1.94,10.92,8.89,49.76,0.9069185580045994,76.17,0,1.51,2024-03-11
EQ_031,Línea D,238.66,7.6,1.54,17.92,4.01,45.48,0.9399535844289847,92.23,3,2.19,2024-06-07
EQ_010,Línea D,186.95,4.98,0.79,8.97,11.15,56.65,0.9217744640267751,68.8,1,1.3,2024-08-03
EQ_019,Línea A,208.03,4.11,0.78,3.41,8.17,48.17,0.9320218157601805,91.69,1,0.32,2024-01-26
EQ_032,Línea B,217.83,9.52,1.88,12.62,6.1,38.55,0.9869057705885852,95.63,2,1.58,2024-10-12
EQ_001,Línea B,234.23,9.79,1.96,14.19,10.14,26.09,0.9203647544637977,83.32,1,1.76,2024-06-10
EQ_005,Línea D,220.52,11.9,2.26,13.36,11.41,46.79,0.9534494609051913,84.41,0,1.73,2024-04-11
EQ_045,Línea C,209.75,6.49,1.16,10.48,7.87,27.9,0.9048878156982962,92.74,1,1.47,2024-03-09
EQ_004,Línea B,230.64,7.58,1.67,15.24,6.52,38.43,0.961239406000613,78.89,1,2.04,2024-05-12
EQ_016,Línea C,216.83,3.85,0.78,8.43,10.31,37.78,0.858018117264011,90.29,1,1.16,2024-07-07
EQ_024,Línea D,218.24,12.62,2.66,26.41,9.45,39.92,0.8281221899250024,77.66,1,2.83,2024-07-29
EQ_016,Línea D,219.59,8.21,1.79,14.93,11.11,31.84,1.0,75.26,2,1.69,2024-08-30
EQ_002,Línea A,228.61,10.17,2.08,19.2,9.54,37.75,1.0,87.37,2,2.45,2024-06-14
EQ_049,Línea B,215.37,10.27,1.8,11.15,5.95,56.46,0.8227242751776811,84.79,0,1.37,2024-03-01
EQ_028,Línea C,230.3,12.38,2.31,20.2,11.45,56.43,0.9181943337011862,71.23,1,2.98,2024-12-27
EQ_032,Línea A,218.9,5.51,1.04,8.23,4.84,60.32,0.9274958171539321,96.32,1,0.83,2024-10-05
EQ_027,Línea B,203.99,10.09,2.03,10.29,6.14,45.1,0.9561485790984194,81.68,1,1.14,2024-04-22
EQ_020,Línea A,219.45,7.92,1.57,9.33,8.16,47.71,1.0,89.09,4,1.16,2024-01-30
EQ_024,Línea D,204.77,14.32,2.51,15.9,8.53,56.61,0.8669294873990442,97.84,0,2.26,2024-11-18
EQ_012,Línea B,220.61,5.5,1.07,12.19,4.12,30.29,0.8696159087242277,86.98,4,1.78,2024-06-09
EQ_050,Línea A,232.44,11.51,2.46,14.37,10.24,53.06,0.9199414411904393,95.19,0,1.58,2024-08-21
EQ_035,Línea A,203.9,9.05,1.72,10.86,6.89,58.02,0.8718210983057265,78.1,1,1.02,2024-12-04
EQ_033,Línea C,225.46,8.89,1.67,11.61,7.25,36.11,0.7842931610744763,96.37,1,1.34,2024-06-18
EQ_033,Línea A,207.56,8.16,1.69,15.73,10.47,58.83,0.9086379967612555,78.39,0,1.79,2024-11-13
EQ_043,Línea B,223.03,12.04,2.44,12.07,7.03,65.58,0.9628771953578346,80.43,1,1.8,2024-07-04
EQ_037,Línea B,232.9,8.79,1.69,19.66,4.38,52.78,0.9189766307230675,73.36,2,2.28,2024-02-26
EQ_012,Línea C,188.06,3.43,0.63,6.88,5.41,50.95,0.9512022629574901,87.15,1,0.75,2024-08-27
EQ_003,Línea B,203.28,11.66,1.93,16.63,11.65,33.8,0.9440503101977127,90.05,1,1.86,2024-09-13
EQ_001,Línea D,214.47,11.11,2.34,21.98,4.56,55.69,0.8686507187304017,91.13,1,2.5,2024-12-23
EQ_033,Línea B,224.73,9.76,2.19,9.05,6.84,34.74,0.9234010772189528,73.55,0,1.26,2024-07-19
EQ_040,Línea B,217.5,4.61,0.94,6.31,8.03,48.7,0.8437419675480495,88.0,0,0.6,2024-11-20
EQ_010,Línea A,219.31,5.08,1.06,10.99,7.95,49.71,0.8944044669257398,88.3,1,1.2,2024-11-10
EQ_043,Línea A,250.64,2.37,0.52,2.4,4.03,12.04,0.9225226592225967,89.92,4,0.36,2024-10-28
EQ_044,Línea B,201.81,9.38,1.87,11.7,8.01,49.06,0.9199423666855964,78.82,4,1.16,2024-04-15
EQ_029,Línea C,237.03,3.95,0.85,7.38,7.07,71.21,0.8554532561594714,64.96,1,0.99,2024-10-16
EQ_013,Línea A,214.75,2.84,0.58,3.51,11.78,24.08,0.8655502256897224,90.65,1,0.39,2024-04-10
EQ_012,Línea C,228.24,11.82,2.66,30.52,5.27,44.46,0.9345479814828949,83.83,0,3.81,2024-04-06
EQ_031,Línea B,251.93,10.3,2.58,13.03,6.83,25.53,0.9613696717651651,87.24,1,1.25,2024-06-01
EQ_046,Línea B,230.33,7.0,1.56,16.19,7.36,36.06,0.9096516253255051,84.24,3,1.75,2024-01-29
EQ_002,Línea D,225.59,7.6,1.48,11.93,7.13,25.7,0.907148666037339,86.88,0,1.43,2024-06-01
EQ_050,Línea A,243.99,0.78,0.19,1.9,9.33,46.6,0.9665638000001462,90.9,2,0.2,2024-03-13
EQ_035,Línea B,236.87,10.75,2.36,15.31,5.72,52.94,0.8813966942986369,70.14,3,1.88,2024-09-10
EQ_023,Línea D,208.01,5.92,1.21,9.82,5.77,49.1,1.0,94.13,0,1.01,2024-01-04
EQ_017,Línea A,224.42,8.99,1.89,20.52,9.83,35.7,0.8527363647675126,83.54,1,2.65,2024-08-24
EQ_026,Línea B,194.24,0.53,0.09,0.7,8.0,38.91,0.9724248165744397,98.02,1,0.1,2024-02-07
EQ_008,Línea B,211.9,10.93,2.02,13.89,7.32,47.72,0.9469583922076529,81.32,0,1.32,2024-01-20
EQ_029,Línea A,224.71,5.74,1.17,9.7,5.35,36.01,1.0,79.55,3,1.0,2024-04-22
EQ_026,Línea A,210.97,3.87,0.78,7.6,5.5,31.71,0.8639415339808947,83.81,1,1.07,2024-01-23
EQ_010,Línea A,224.1,6.98,1.35,10.19,4.08,42.61,0.8032988570699515,89.0,0,1.3,2024-05-15
EQ_026,Línea B,219.8,6.21,1.25,14.39,4.73,35.55,0.9824723183647696,82.81,1,1.36,2024-09-04
EQ_034,Línea B,228.05,11.22,2.22,14.12,8.45,49.12,0.8464333246340108,89.58,0,1.68,2024-10-27
EQ_041,Línea D,213.64,6.74,1.39,10.85,11.13,57.99,0.9507888246069045,81.9,1,1.11,2024-04-06
EQ_007,Línea C,205.9,12.09,2.22,22.32,6.3,70.98,0.9791075540313628,85.28,1,2.28,2024-02-02
EQ_004,Línea A,242.17,8.99,1.78,16.93,6.62,48.38,0.9389880382358876,100.0,1,2.48,2024-05-14
EQ_050,Línea B,212.56,10.68,1.89,20.62,4.92,51.46,0.9316090443251097,87.86,1,2.8,2024-09-11
EQ_045,Línea B,229.9,7.99,1.49,17.84,7.11,39.01,0.9400470017403473,88.5,2,2.35,2024-10-04
EQ_011,Línea A,241.53,11.82,2.57,19.06,4.3,39.63,0.9618710946685672,73.22,0,1.99,2024-05-12
EQ_029,Línea C,222.44,4.54,0.83,4.06,11.34,57.84,0.949353424238151,95.83,2,0.39,2024-08-25
EQ_036,Línea A,207.16,8.34,1.42,6.03,9.38,42.24,0.8591708096604422,93.53,0,0.86,2024-01-15
EQ_025,Línea C,217.32,6.81,1.46,14.33,11.93,45.73,1.0,79.28,0,1.29,2024-10-03
EQ_021,Línea B,235.26,12.19,2.79,30.67,11.06,57.23,0.9225554017438451,93.37,0,3.47,2024-05-05
EQ_036,Línea C,223.09,12.5,2.48,14.3,7.78,42.31,0.9459170793239753,87.64,2,1.53,2024-12-10
EQ_010,Línea D,201.92,8.0,1.61,8.48,8.16,60.0,0.9555494508763431,85.37,3,1.05,2024-01-17
EQ_037,Línea B,228.95,4.13,0.76,3.42,5.52,50.73,0.9777963900940643,95.33,1,0.36,2024-11-07
EQ_009,Línea D,231.54,9.28,1.98,20.95,7.7,49.55,0.9726053411237319,80.9,0,2.28,2024-02-19
EQ_024,Línea A,214.67,3.01,0.6,3.89,11.22,38.52,0.9265868413223747,79.22,0,0.55,2024-05-14
EQ_035,Línea A,229.15,12.88,2.63,18.97,4.41,50.09,0.9233733242292396,86.66,0,2.39,2024-04-27
EQ_049,Línea A,223.68,6.58,1.29,10.35,10.91,40.71,0.9404305491484448,89.23,0,1.02,2024-11-01
EQ_035,Línea C,217.04,7.91,1.53,16.39,6.73,49.69,0.9750030502976734,92.73,2,2.19,2024-02-29
EQ_048,Línea B,200.6,5.96,1.06,9.76,11.2,43.98,0.8643689157583558,83.79,0,1.0,2024-05-04
EQ_036,Línea A,236.17,5.29,1.18,10.53,11.53,54.67,0.952204771112098,78.2,1,1.22,2024-04-25
EQ_018,Línea A,231.39,10.21,1.95,10.54,9.37,44.68,0.8756838697502002,100.0,2,1.36,2024-06-21
EQ_049,Línea B,228.76,7.52,1.44,11.67,9.32,65.38,1.0,76.31,2,1.24,2024-07-05
EQ_039,Línea A,243.17,8.13,1.65,16.04,7.62,42.24,0.938365708399224,85.44,0,1.81,2024-03-28
EQ_032,Línea D,234.18,4.99,1.0,11.79,10.68,39.65,0.8991986212674566,91.24,1,1.58,2024-07-21
EQ_024,Línea B,230.3,10.57,2.2,12.34,11.69,48.46,0.9414358300834449,94.21,2,1.81,2024-12-26
EQ_023,Línea B,186.8,10.87,1.67,6.81,10.2,55.78,0.9204600828843227,80.46,0,0.83,2024-11-06
EQ_032,Línea B,237.95,7.37,1.71,7.87,8.98,55.7,0.9119906518833787,70.0,1,0.71,2024-11-15
EQ_037,Línea D,221.25,11.8,2.24,15.7,8.85,46.67,0.8295387371796125,80.28,3,1.73,2024-06-30
EQ_012,Línea B,224.69,7.69,1.44,15.21,10.8,48.39,0.8687903498411143,91.89,4,1.73,2024-12-17
EQ_049,Línea D,224.79,10.34,2.17,8.8,8.33,48.41,0.9129773450258744,90.1,1,0.97,2024-06-16
EQ_013,Línea B,231.61,3.13,0.59,4.52,10.43,34.22,0.8355822930159799,90.36,1,0.53,2024-06-29
EQ_023,Línea C,236.83,9.06,1.98,13.14,8.07,55.24,0.890641185132119,90.69,0,1.68,2024-10-26
EQ_025,Línea A,229.51,7.19,1.55,6.85,4.5,32.42,0.8950062618606488,95.72,1,0.67,2024-05-09
EQ_035,Línea C,227.13,8.47,1.62,12.32,7.07,34.24,0.8810278686631035,78.79,2,1.31,2024-05-28
EQ_041,Línea A,223.47,8.33,1.5,9.06,7.56,45.55,0.9586177406832321,75.42,2,1.09,2024-11-01
EQ_030,Línea D,169.73,8.38,1.24,8.45,5.13,41.8,0.8759915340700931,87.96,2,0.92,2024-07-27
EQ_017,Línea C,215.69,9.85,1.74,16.78,4.82,52.96,0.9244204406038282,76.61,0,2.51,2024-04-20
EQ_049,Línea B,205.88,6.3,1.07,8.74,8.28,49.47,0.9023418020504713,74.91,2,1.01,2024-05-16
EQ_020,Línea A,238.16,9.71,1.97,9.84,4.68,46.38,0.9140601368433933,94.79,3,1.4,2024-12-20
EQ_048,Línea A,229.29,11.7,2.3,26.89,6.42,33.74,1.0,87.0,4,3.87,2024-07-29
EQ_025,Línea C,213.13,3.77,0.73,6.63,9.96,45.27,0.9289843175916588,85.23,2,0.93,2024-05-25
EQ_022,Línea D,214.63,5.66,1.14,11.54,11.72,44.47,0.9386516445763144,85.39,0,1.07,2024-03-24
EQ_013,Línea C,214.09,5.78,1.14,5.28,9.74,47.22,0.8817291456393467,84.15,1,0.78,2024-01-30
EQ_019,Línea D,213.82,4.72,0.84,3.68,11.94,40.7,0.9513074838647819,94.74,0,0.36,2024-03-05
EQ_049,Línea D,198.33,6.58,1.09,4.53,9.59,50.23,0.9491984953423918,72.88,0,0.42,2024-01-24
EQ_036,Línea A,195.08,11.1,2.11,11.63,6.35,41.53,0.9443804333519357,72.55,1,1.34,2024-07-29
EQ_012,Línea C,220.44,12.34,2.48,18.14,9.38,49.29,0.8595411591058675,77.51,1,1.84,2024-08-09
EQ_041,Línea C,236.13,8.32,1.91,21.94,9.62,52.96,0.8907376391015953,87.31,2,2.22,2024-03-30
EQ_019,Línea D,211.93,7.03,1.3,9.95,6.97,39.65,0.9916790031784146,99.44,3,1.07,2024-04-15
EQ_012,Línea C,224.55,10.41,2.16,13.66,4.14,37.28,0.8856127767156365,91.95,2,1.43,2024-06-20
EQ_009,Línea B,231.01,0.91,0.19,1.61,9.63,49.76,0.9984994012877315,89.74,2,0.21,2024-08-17
EQ_007,Línea B,205.1,4.83,0.86,4.21,4.17,31.79,0.8926801711474797,84.36,1,0.43,2024-03-17
EQ_028,Línea C,219.7,1.04,0.2,1.78,9.05,56.12,0.9274108077026412,74.34,3,0.22,2024-03-08
EQ_014,Línea C,210.0,4.8,0.91,7.78,5.31,45.11,0.9106415382871268,89.12,0,1.16,2024-12-30
EQ_031,Línea D,244.09,5.7,1.17,12.09,8.52,43.85,0.8777597358909168,100.0,3,1.4,2024-12-18
EQ_019,Línea B,243.44,12.43,2.61,31.04,8.03,50.46,0.8784795510215159,83.08,0,3.99,2024-04-01
EQ_047,Línea B,205.11,-0.28,-0.06,-0.36,4.11,49.84,0.8847878496755133,80.51,3,-0.05,2024-03-28
EQ_016,Línea A,225.79,6.75,1.5,12.12,6.9,45.07,0.9274032140724788,83.12,2,1.19,2024-02-19
EQ_005,Línea D,236.01,9.86,2.03,22.88,8.81,53.79,0.9645208761997636,89.8,1,2.63,2024-04-12
EQ_035,Línea A,232.72,9.23,1.85,19.02,10.79,38.28,0.9241578326356998,85.89,1,2.68,2024-02-15
EQ_012,Línea B,221.22,12.39,2.3,18.17,11.11,52.12,0.9183310881727226,92.28,1,2.65,2024-06-27
EQ_025,Línea D,239.6,8.48,1.9,21.97,7.87,34.21,0.9805189027671148,84.73,1,2.77,2024-09-23
EQ_021,Línea C,206.43,9.12,1.63,7.27,9.83,50.11,0.9220669088483157,83.07,1,0.72,2024-09-24
EQ_036,Línea D,215.45,2.48,0.53,6.07,6.53,41.72,0.8928568197444327,86.83,1,0.87,2024-11-15
EQ_023,Línea C,206.84,5.04,0.9,3.96,6.74,31.89,0.87011294606816,80.68,0,0.4,2024-01-08
EQ_016,Línea C,231.74,2.65,0.54,4.52,5.56,47.57,0.9835223641829309,98.93,0,0.5,2024-09-21
EQ_039,Línea D,211.26,9.72,1.89,21.02,8.5,44.66,0.9035301244918849,91.58,1,2.37,2024-03-18
EQ_045,Línea C,217.43,9.05,1.89,11.53,6.52,29.57,0.8910713102813066,76.2,4,1.35,2024-08-27
EQ_042,Línea A,229.27,8.94,1.83,14.23,4.67,23.86,0.8867478388213638,79.03,3,1.96,2024-09-14
EQ_039,Línea B,230.47,5.36,1.09,7.19,9.48,43.48,0.9807095277743865,89.52,0,0.99,2024-07-14
EQ_014,Línea C,206.39,5.08,1.05,12.2,9.66,61.18,0.8913513003365888,86.47,1,1.62,2024-11-25
EQ_031,Línea A,235.85,8.63,1.63,17.26,6.88,48.21,0.9695231378837548,87.42,1,1.58,2024-05-10
EQ_005,Línea C,226.84,5.99,1.33,12.86,4.61,38.32,0.9084796044795266,83.46,1,1.59,2024-12-08
EQ_035,Línea B,203.77,4.94,0.84,7.31,7.41,55.82,0.8595809834486539,88.64,0,0.99,2024-09-17
EQ_023,Línea A,200.08,6.47,1.24,13.1,7.54,54.07,0.903375415309005,83.65,4,1.53,2024-08-29
EQ_029,Línea B,219.76,6.02,1.22,8.71,9.35,57.72,0.918360343277603,89.51,3,1.28,2024-06-19
EQ_043,Línea B,232.75,5.4,1.09,8.26,6.52,51.84,0.9142414603614326,91.18,2,1.15,2024-05-26
EQ_011,Línea A,233.14,4.32,0.98,9.64,9.46,53.86,0.9130008148561933,97.85,3,1.24,2024-09-26
EQ_018,Línea A,225.34,9.35,1.69,11.6,10.97,52.31,0.9039027528414091,80.88,3,1.09,2024-05-28
EQ_047,Línea A,220.73,12.67,2.36,10.65,5.9,40.22,0.8807495020148686,84.91,3,1.38,2024-10-25
EQ_012,Línea D,227.68,7.88,1.64,7.54,11.83,28.63,0.9205368781887097,75.25,1,1.09,2024-01-28
EQ_009,Línea A,207.17,8.67,1.56,7.68,7.09,39.79,0.9470474210363963,99.61,0,0.87,2024-05-28
EQ_010,Línea A,245.3,9.61,2.17,23.78,6.14,56.05,0.8468702119700144,69.2,0,3.34,2024-10-06
EQ_044,Línea A,245.11,9.1,1.8,14.0,7.37,41.19,0.9849531109026104,98.46,0,1.52,2024-06-30
EQ_017,Línea A,226.43,5.46,1.02,9.9,4.76,43.55,0.7351689047155332,85.75,1,1.23,2024-06-14
EQ_038,Línea C,222.96,13.16,2.42,17.29,5.01,33.34,0.9237624287383175,88.35,0,2.23,2024-01-17
EQ_007,Línea D,213.83,5.73,1.03,6.25,7.32,39.49,0.9433043467736713,83.67,0,0.82,2024-05-29
EQ_046,Línea B,227.93,9.94,2.02,13.69,10.1,44.91,0.8898323595052489,85.25,1,1.96,2024-12-04
EQ_013,Línea A,209.63,9.59,1.91,19.78,11.2,49.93,0.813708261451471,89.7,1,2.06,2024-02-14
EQ_040,Línea C,186.65,2.12,0.39,3.51,9.32,40.41,0.9151637949953977,71.91,4,0.37,2024-11-25
EQ_042,Línea C,179.29,6.92,1.2,13.8,4.84,39.71,0.9284847962301718,79.78,1,1.82,2024-07-07
EQ_009,Línea C,208.01,8.17,1.43,13.5,9.38,53.42,0.8625640632711901,78.24,1,1.36,2024-05-18
EQ_050,Línea B,222.35,8.4,1.66,14.21,9.08,48.25,0.878493329470977,88.58,1,1.67,2024-03-01
EQ_027,Línea A,224.98,8.9,1.68,14.92,10.45,49.49,0.9681356048031893,85.03,1,1.36,2024-10-20
EQ_002,Línea D,212.7,10.27,1.86,21.46,10.6,60.28,0.9258840879850888,89.94,3,2.11,2024-11-17
EQ_005,Línea D,222.13,7.98,1.6,16.49,10.95,39.95,0.844566150536868,86.32,1,2.16,2024-02-02
EQ_029,Línea C,215.89,9.06,1.59,6.67,7.31,44.51,0.9424914958877566,93.47,3,0.9,2024-10-25
EQ_037,Línea B,205.01,7.87,1.36,11.25,9.58,50.51,0.8734740584010816,79.08,0,1.09,2024-04-21
EQ_038,Línea B,219.19,4.95,1.07,10.17,6.15,36.28,0.8812618783586676,85.47,0,1.05,2024-10-17
EQ_019,Línea B,232.19,8.1,1.68,16.78,11.99,47.29,0.92988286963404,93.87,2,1.61,2024-02-06
EQ_008,Línea D,205.69,10.25,1.87,10.67,5.4,45.22,0.9252245013809568,92.27,2,1.24,2024-04-09
EQ_048,Línea C,205.7,11.33,1.87,20.45,4.08,72.77,0.8998696729420584,73.16,0,2.0,2024-01-23
EQ_045,Línea A,203.96,9.61,1.67,19.45,5.19,46.0,0.8947895312709074,76.83,0,2.26,2024-08-05
EQ_001,Línea D,190.95,12.0,2.23,13.14,10.21,56.57,0.9074600480637528,84.35,1,1.76,2024-03-29
EQ_022,Línea C,212.8,9.26,1.64,18.14,7.57,53.3,0.8809703253463684,83.12,2,2.38,2024-07-27
EQ_017,Línea C,230.71,10.59,2.16,10.32,7.58,33.43,0.9744506125888772,84.48,0,1.1,2024-09-27
EQ_007,Línea A,222.61,10.81,1.93,8.58,11.64,29.51,0.8415403150495767,91.37,0,1.12,2024-08-24
EQ_025,Línea A,217.46,7.33,1.43,7.2,11.36,47.47,0.9079560702713337,87.32,2,1.05,2024-07-27
EQ_045,Línea A,221.94,10.18,1.82,8.12,6.49,57.57,0.8470297463310726,87.78,2,0.9,2024-10-04
EQ_004,Línea B,212.67,5.18,1.06,11.41,5.67,47.88,0.9668000873639261,90.36,3,1.25,2024-07-24
EQ_036,Línea A,190.78,9.05,1.67,7.47,10.79,45.79,0.9078844833006513,93.59,1,0.93,2024-03-18
EQ_006,Línea C,231.76,9.73,2.16,13.33,11.25,42.16,0.8671665703559444,60.55,3,1.4,2024-11-23
EQ_031,Línea A,236.07,11.15,2.25,10.87,8.33,31.76,0.9542523813130843,81.91,0,1.4,2024-04-07
EQ_019,Línea C,209.08,10.46,2.12,13.49,9.04,35.39,0.805403466163053,77.94,0,1.89,2024-12-11
EQ_044,Línea D,217.74,11.19,2.21,10.44,6.06,28.78,0.9340442012569494,88.8,0,1.23,2024-12-30
EQ_039,Línea B,216.45,7.7,1.46,13.64,10.41,33.97,0.9775644594268874,81.3,1,1.78,2024-12-15
EQ_027,Línea D,225.27,6.96,1.45,7.35,9.06,39.74,0.928977177893139,85.61,0,0.95,2024-12-01
EQ_010,Línea D,245.35,7.18,1.41,15.25,8.03,52.76,0.8946744776607959,91.82,0,1.41,2024-04-03
EQ_026,Línea C,237.4,8.8,1.73,18.23,4.48,40.55,0.8578909019095314,80.18,1,1.84,2024-03-20
EQ_019,Línea D,214.35,2.57,0.52,2.14,11.33,47.56,0.9741257317711254,87.9,0,0.31,2024-02-07
EQ_039,Línea C,228.14,12.0,2.32,25.9,8.92,46.35,0.9663710928821151,97.43,1,3.79,2024-08-15
EQ_003,Línea A,238.82,8.13,1.79,7.57,5.54,49.99,0.887731908455449,91.65,0,1.04,2024-05-13
EQ_045,Línea A,226.13,6.75,1.34,7.93,8.85,34.65,0.8890681243195236,72.31,2,1.15,2024-07-14
EQ_013,Línea C,219.93,0.41,0.09,0.38,9.42,55.59,0.9793383550113326,82.67,0,0.04,2024-10-08
EQ_050,Línea A,226.69,7.89,1.77,11.84,8.21,30.93,0.9465806573394273,87.85,1,1.24,2024-04-10
EQ_028,Línea B,209.45,7.4,1.51,12.25,9.74,40.52,0.8306707830144627,89.42,0,1.38,2024-03-15
EQ_020,Línea D,211.64,5.31,0.96,9.96,8.65,44.79,0.9102148797648504,82.98,0,0.93,2024-10-20
EQ_028,Línea B,204.04,5.98,1.02,6.84,11.58,52.6,0.9083721776111086,79.88,0,0.95,2024-07-26
EQ_008,Línea D,224.61,7.92,1.59,15.33,4.43,58.79,0.9323817236314803,85.54,3,2.28,2024-03-23
EQ_041,Línea A,218.03,6.24,1.09,6.0,4.85,52.68,0.9203023007967653,76.3,1,0.84,2024-05-22
EQ_039,Línea B,207.65,9.72,1.63,16.31,5.39,59.16,0.8943644419113891,93.8,1,2.01,2024-02-25
EQ_001,Línea A,217.54,5.75,1.14,6.71,9.52,36.71,0.928917982617994,99.95,2,0.72,2024-12-26
EQ_003,Línea D,227.05,8.46,1.74,8.96,9.16,56.9,0.897611116857664,88.16,2,0.91,2024-10-13
EQ_013,Línea C,248.72,11.54,2.87,15.74,11.14,55.19,1.0,83.14,0,1.76,2024-07-29
EQ_028,Línea C,235.18,7.89,1.56,8.51,9.86,21.04,0.9261363950506768,92.53,3,1.11,2024-06-27
EQ_049,Línea B,185.74,9.07,1.43,11.59,8.07,42.8,0.9192650265435499,91.18,0,1.35,2024-02-27
EQ_025,Línea A,223.59,8.88,1.63,17.54,11.93,51.02,1.0,82.8,1,2.56,2024-03-13
EQ_033,Línea A,241.44,8.02,1.9,8.81,6.13,39.85,0.8517828303277849,84.62,2,1.24,2024-08-02
EQ_038,Línea B,199.93,7.8,1.49,14.39,10.67,34.14,0.914501356295826,80.12,1,1.38,2024-09-22
EQ_006,Línea C,228.27,6.29,1.38,12.74,7.41,66.14,0.8725198456497864,86.32,0,1.25,2024-03-13
EQ_044,Línea D,216.45,8.45,1.79,19.65,9.19,46.11,0.9517505028255044,87.39,3,2.57,2024-09-27
EQ_045,Línea B,237.25,7.15,1.54,9.17,9.82,46.38,0.8952825258910934,78.76,0,0.95,2024-12-19
EQ_032,Línea D,226.06,12.64,2.54,19.31,9.07,31.91,0.9490046867599874,76.4,3,2.65,2024-08-21
EQ_045,Línea C,206.74,10.43,1.87,21.33,5.12,38.88,0.9454025499217271,74.39,3,2.68,2024-11-14
EQ_047,Línea A,216.99,3.64,0.72,6.68,7.54,36.02,0.9590186130995038,88.33,0,0.69,2024-01-19
EQ_021,Línea C,217.87,3.81,0.74,5.26,8.49,55.79,0.9462259396260979,84.91,0,0.62,2024-04-22
EQ_016,Línea B,218.15,7.61,1.48,7.48,10.79,50.05,0.9087980303072491,84.33,0,0.86,2024-03-03
EQ_021,Línea A,236.79,6.81,1.59,9.7,7.55,39.29,0.8501173646615507,88.72,3,1.38,2024-07-02
EQ_011,Línea B,207.36,7.45,1.54,13.32,11.35,50.61,0.9704542470506632,77.79,2,1.22,2024-10-03
EQ_037,Línea B,235.05,9.95,2.24,21.83,7.52,42.46,0.9904513712332579,76.44,1,3.14,2024-06-10
EQ_036,Línea C,215.47,8.95,1.83,9.14,8.39,47.34,0.8731065844354198,86.93,0,1.18,2024-08-30
EQ_035,Línea B,223.35,8.92,1.86,16.36,10.37,47.3,0.9567938680806344,71.17,0,2.2,2024-05-24
EQ_019,Línea C,221.09,12.34,2.27,19.07,8.66,49.2,0.8614818626207207,82.93,2,1.72,2024-05-25
EQ_020,Línea A,219.67,3.83,0.68,5.52,11.68,48.0,0.9301716087380949,100.0,3,0.7,2024-03-21
EQ_018,Línea C,219.8,8.31,1.71,16.28,9.28,49.21,0.9404710243104166,74.21,2,2.04,2024-11-17
EQ_047,Línea A,241.86,6.26,1.43,15.3,8.18,57.56,0.8986890113097663,81.56,1,1.87,2024-11-16
EQ_041,Línea C,232.64,12.31,2.32,15.27,4.19,51.41,0.9247535718446539,68.02,0,2.09,2024-02-12
EQ_049,Línea D,214.56,1.37,0.29,3.22,7.31,41.63,0.9624101585748608,83.13,1,0.4,2024-11-08
EQ_014,Línea D,243.74,1.5,0.3,1.59,6.39,44.02,0.9145291747374495,100.0,1,0.22,2024-10-19
EQ_015,Línea B,224.12,8.91,1.71,9.21,9.98,57.3,0.8862431247719902,88.74,0,0.96,2024-06-24
EQ_031,Línea C,225.36,11.38,2.4,14.72,5.67,46.12,0.8588110393613831,80.09,0,2.04,2024-03-09
EQ_001,Línea C,207.44,10.32,1.79,8.87,5.64,41.26,0.9004617816872795,100.0,2,0.89,2024-02-25
EQ_003,Línea A,212.54,5.6,0.97,5.67,5.52,38.69,0.8612639209395456,71.06,0,0.79,2024-04-28
EQ_016,Línea B,209.67,12.52,2.27,11.01,5.0,47.73,0.901130798918028,88.63,1,1.61,2024-07-22
EQ_023,Línea C,221.29,4.31,0.91,9.62,6.49,36.45,0.8967378768285206,85.52,1,1.06,2024-02-24
EQ_011,Línea B,229.58,11.92,2.42,12.37,11.09,57.85,0.960205248498126,83.02,3,1.51,2024-02-07
EQ_012,Línea D,225.51,4.7,0.99,9.88,10.2,34.62,0.9236737508105156,91.46,0,1.28,2024-08-30
EQ_010,Línea C,243.82,6.94,1.55,6.79,9.88,59.78,1.0,75.54,0,0.64,2024-07-19
EQ_032,Línea C,206.68,9.92,1.65,19.12,10.38,42.15,0.8193205381746183,87.5,3,2.29,2024-08-23
EQ_016,Línea B,221.72,3.6,0.8,7.75,6.16,34.23,0.9356685715859391,86.49,1,0.87,2024-01-15
EQ_008,Línea C,200.76,12.41,2.01,8.15,11.1,46.89,0.8974221857250244,78.03,1,1.16,2024-05-23
EQ_038,Línea B,206.17,6.93,1.42,14.36,5.1,35.47,0.8721979689757777,100.0,0,2.05,2024-03-17
EQ_012,Línea C,238.97,8.41,1.83,14.85,6.69,45.34,0.9185115252711915,83.55,1,1.96,2024-11-04
EQ_024,Línea A,213.05,11.49,2.43,24.87,8.69,39.22,0.914769153381952,83.89,0,3.22,2024-09-19
EQ_028,Línea B,207.95,5.62,0.96,7.85,4.82,54.45,0.9738906408673016,76.78,0,1.05,2024-07-03
EQ_008,Línea C,188.05,11.18,1.89,17.25,9.84,46.37,0.9245629223401501,83.69,0,1.93,2024-02-24
EQ_028,Línea D,207.8,12.92,2.24,23.05,7.1,33.11,0.8853599206140617,100.0,0,2.63,2024-11-03
EQ_036,Línea C,216.92,6.03,1.06,7.68,10.28,39.03,0.9367105281850161,82.98,1,0.95,2024-01-04
EQ_026,Línea D,199.64,12.11,2.23,8.97,7.94,52.05,0.9085174218144242,89.15,3,1.31,2024-10-25
EQ_008,Línea D,216.06,2.72,0.49,5.29,5.45,57.87,0.8637260727439647,92.6,1,0.71,2024-02-09
EQ_050,Línea A,239.06,9.17,2.01,14.16,9.88,44.55,0.9075727315243612,83.55,3,1.74,2024-08-17
EQ_028,Línea B,209.39,4.31,0.74,5.9,6.02,34.56,0.9315471038703345,81.72,1,0.8,2024-10-12
EQ_028,Línea C,205.85,10.83,1.93,7.84,7.93,55.54,0.9236141215116074,88.78,0,0.88,2024-05-17
EQ_037,Línea A,203.14,10.58,2.06,16.35,4.6,52.01,0.9365156527315942,83.07,2,2.19,2024-04-12
EQ_041,Línea C,202.87,14.23,2.56,30.44,8.94,58.07,0.8936757395496404,82.35,0,3.49,2024-01-07
EQ_036,Línea D,228.03,12.26,2.59,16.13,9.33,47.9,0.9358805980716972,92.52,1,1.72,2024-06-12
EQ_027,Línea B,220.73,7.5,1.54,11.03,7.03,39.79,0.9260057906408709,84.44,0,1.4,2024-12-30
EQ_017,Línea C,234.35,4.75,1.08,10.26,11.64,50.17,0.9264114691886772,94.71,1,1.35,2024-10-02
EQ_009,Línea C,250.3,9.7,2.1,22.09,10.99,48.26,0.9216178276413344,84.26,3,2.6,2024-02-18
EQ_033,Línea D,192.54,7.82,1.41,10.35,9.66,39.25,1.0,74.46,2,1.28,2024-04-05
EQ_020,Línea C,225.7,12.65,2.83,18.33,9.71,46.99,0.9755063121900035,60.0,2,2.41,2024-02-28
EQ_013,Línea C,203.22,1.5,0.29,3.34,6.02,43.05,0.9347695878464317,70.29,1,0.45,2024-08-18
EQ_028,Línea D,231.83,14.56,3.03,28.53,9.25,52.44,0.8799896361575892,71.67,0,4.1,2024-06-25
EQ_048,Línea A,215.92,9.6,1.92,9.51,5.59,49.92,0.9053833750121768,87.13,0,1.06,2024-03-30
EQ_029,Línea D,220.41,5.56,1.16,5.28,5.15,34.48,1.0,77.23,1,0.78,2024-10-08
EQ_013,Línea A,200.75,10.2,1.89,14.87,12.0,33.48,0.8918531268583249,69.21,0,1.91,2024-02-05
EQ_046,Línea B,213.6,11.89,2.04,11.75,8.98,44.1,0.9117135183432268,83.95,4,1.61,2024-06-19
EQ_035,Línea A,221.34,8.34,1.55,9.35,7.45,45.33,0.9089298337192796,76.35,3,1.23,2024-05-05
EQ_006,Línea A,240.34,2.71,0.63,6.94,6.31,52.61,0.9383943638579259,88.7,1,0.71,2024-10-25
EQ_018,Línea B,208.08,7.12,1.27,5.99,8.83,50.13,0.8981676761357285,88.51,3,0.56,2024-12-20
EQ_005,Línea A,211.74,11.12,2.23,21.68,4.4,59.59,0.9288429004074128,89.35,1,2.9,2024-07-22
EQ_047,Línea D,234.16,9.49,1.94,11.97,4.76,40.33,0.8992841552674188,64.53,1,1.44,2024-10-15
EQ_025,Línea A,207.11,7.53,1.41,14.22,4.26,39.76,0.9857255349765867,85.36,0,1.88,2024-12-21
EQ_002,Línea B,237.14,11.92,2.3,22.49,7.99,35.4,0.8856861187783004,84.03,2,2.67,2024-04-06
EQ_010,Línea D,219.86,10.22,1.88,7.63,8.8,52.49,0.9688822422394219,75.23,2,0.83,2024-08-25
EQ_030,Línea B,224.55,10.45,2.33,18.81,4.5,45.22,0.8907432071838167,67.9,0,2.01,2024-06-21
EQ_050,Línea B,225.51,6.77,1.49,7.62,9.77,26.46,0.8773126836059629,84.13,2,1.02,2024-10-27
EQ_045,Línea C,210.76,6.48,1.27,13.88,5.84,47.02,0.8849603626755039,93.51,0,1.48,2024-03-28
EQ_005,Línea C,225.85,2.9,0.58,6.36,9.48,47.66,0.8344282136482624,64.35,2,0.85,2024-12-16
EQ_033,Línea B,208.41,7.22,1.41,10.36,11.86,43.56,0.9419299223192154,78.34,1,1.17,2024-01-17
EQ_001,Línea B,212.47,10.81,2.12,16.02,9.53,47.97,0.8618011945238448,86.05,1,2.18,2024-05-19
EQ_018,Línea B,228.38,7.39,1.54,9.9,11.07,32.8,0.9021040236203697,94.0,1,0.98,2024-09-10
EQ_032,Línea C,224.4,9.34,1.7,16.55,11.59,61.41,0.9580810798799382,82.5,4,1.69,2024-10-04
EQ_047,Línea C,218.88,11.33,2.3,15.8,7.89,48.8,0.9564676339872318,100.0,1,2.07,2024-05-30
EQ_049,Línea A,201.12,9.12,1.75,10.75,9.62,27.26,0.8484170542001368,70.64,1,1.33,2024-12-11
EQ_011,Línea A,204.86,9.41,1.93,14.39,10.82,44.94,0.9355271789965469,68.86,1,1.47,2024-11-29
EQ_021,Línea B,224.15,3.93,0.71,3.36,6.85,49.07,0.9770246991154128,93.14,3,0.48,2024-05-19
EQ_026,Línea D,230.98,7.03,1.54,15.36,6.09,33.87,0.8881578544905069,66.2,1,1.64,2024-04-23
EQ_025,Línea D,203.36,13.18,2.45,10.05,11.57,50.34,0.9456786664000915,88.69,2,1.16,2024-03-08
EQ_022,Línea C,207.4,8.31,1.53,14.01,9.81,61.81,0.8628360197102731,82.64,0,1.43,2024-06-27
EQ_027,Línea C,222.01,13.69,2.51,13.71,5.76,38.56,0.9392828476618496,77.79,1,1.55,2024-05-04
EQ_049,Línea C,221.69,5.83,1.14,6.68,7.59,49.28,0.926563568066483,81.59,0,0.8,2024-11-08
EQ_013,Línea B,195.64,8.7,1.48,13.45,10.37,47.09,0.9530573477912727,74.69,0,1.45,2024-11-06
EQ_033,Línea D,222.42,6.85,1.31,15.65,8.38,54.68,0.9499573043444353,82.45,1,2.13,2024-12-03
EQ_034,Línea A,211.02,9.78,1.95,19.93,9.2,43.91,0.8523258195224425,85.14,1,2.26,2024-12-28
EQ_041,Línea B,244.62,10.69,2.46,14.28,10.03,34.33,0.9268276620372097,81.67,1,1.91,2024-12-23
EQ_035,Línea A,223.74,9.81,2.01,10.87,8.98,54.04,0.9926456822136936,80.32,2,1.11,2024-08-20
EQ_001,Línea A,226.32,11.13,2.49,27.22,8.32,34.93,0.8107345589108785,87.03,2,3.07,2024-05-26
EQ_021,Línea B,226.71,7.96,1.57,11.86,10.0,63.09,0.9683463056931033,98.28,3,1.07,2024-04-20
EQ_048,Línea A,201.79,7.43,1.27,6.47,9.82,50.61,1.0,82.87,1,0.88,2024-12-28
EQ_006,Línea D,249.16,2.73,0.63,6.87,9.04,39.01,0.84576822397576,91.56,1,0.88,2024-12-23
EQ_028,Línea A,195.66,9.92,1.63,17.16,6.88,56.09,0.8864650464426261,77.27,0,2.39,2024-08-25
EQ_017,Línea D,231.94,8.52,1.71,20.3,7.25,44.91,0.9458871660975267,74.33,0,2.38,2024-01-03
EQ_005,Línea D,229.28,7.8,1.51,17.03,11.76,42.79,0.875693744209318,88.63,5,2.35,2024-07-29
EQ_031,Línea D,212.84,7.43,1.29,13.95,4.9,38.19,0.9882289591822682,83.13,2,1.8,2024-01-25
EQ_005,Línea C,230.0,7.89,1.75,7.74,6.15,26.22,0.9729448132878036,94.04,7,0.7,2024-11-26
EQ_038,Línea A,215.24,7.29,1.34,6.48,7.94,51.04,0.8507518380228442,95.6,0,0.68,2024-07-02
EQ_003,Línea B,209.87,6.42,1.21,10.35,10.69,28.72,0.8828470950034494,91.71,2,1.24,2024-03-01
EQ_023,Línea B,227.04,8.72,1.6,13.2,5.31,37.07,0.9584918410917511,91.54,1,1.68,2024-05-02
EQ_037,Línea A,204.9,9.45,1.82,13.95,6.22,49.33,0.9565329701373665,60.0,0,1.31,2024-02-24
EQ_037,Línea C,216.64,5.69,1.07,7.68,4.53,39.99,1.0,88.56,2,1.02,2024-06-11
EQ_010,Línea C,211.09,6.8,1.36,10.13,9.65,46.57,0.8760058897275259,91.9,0,1.24,2024-07-05
EQ_010,Línea D,214.96,7.39,1.4,11.98,5.91,32.86,0.9929608919735996,74.83,1,1.46,2024-02-08
EQ_019,Línea A,226.49,8.01,1.52,6.11,7.11,41.52,0.8743043027618216,85.07,1,0.66,2024-07-03
EQ_017,Línea A,211.08,7.62,1.45,8.82,7.55,46.63,0.9450160466227936,76.66,1,1.11,2024-03-23
EQ_021,Línea B,217.12,9.98,1.79,14.58,11.13,35.49,0.9646171220779742,93.22,0,1.34,2024-07-13
EQ_014,Línea A,212.45,3.04,0.57,5.57,7.29,61.86,0.7703049953566784,77.35,2,0.52,2024-02-03
EQ_009,Línea C,241.66,3.57,0.74,3.99,5.16,38.63,0.9655603149041392,78.66,0,0.53,2024-04-22
EQ_046,Línea A,225.14,8.58,1.9,15.91,8.19,58.78,0.9892284845524694,81.29,1,1.74,2024-08-17
EQ_001,Línea B,223.3,6.19,1.12,10.88,11.7,43.32,0.9747940876736871,100.0,0,1.21,2024-10-09
EQ_045,Línea D,230.25,10.65,2.3,17.38,8.86,29.32,1.0,93.04,2,1.78,2024-10-13
EQ_013,Línea B,211.09,11.51,2.03,8.56,11.87,33.63,0.9682588641752945,97.9,1,1.0,2024-06-03
EQ_004,Línea B,232.89,8.7,1.75,13.29,10.73,46.76,0.8931397449323744,70.5,1,1.24,2024-06-13
EQ_001,Línea D,225.19,4.78,0.95,6.05,4.29,55.33,0.9819505567207639,74.85,1,0.65,2024-06-30
EQ_049,Línea B,196.59,11.16,2.15,24.59,9.27,62.7,0.8903016859722293,95.71,2,2.99,2024-08-26
EQ_040,Línea B,198.58,8.6,1.45,7.25,6.29,46.28,0.924120896247299,70.92,1,0.86,2024-05-16
EQ_032,Línea A,211.42,3.54,0.61,5.62,8.48,33.23,0.9615891636700619,79.63,2,0.84,2024-12-04
EQ_034,Línea A,200.18,3.8,0.66,2.92,6.23,47.78,0.9424040412073356,100.0,1,0.33,2024-09-22
EQ_028,Línea D,216.43,12.55,2.23,16.88,6.79,36.75,0.9875565995925082,77.29,1,1.91,2024-07-05
EQ_031,Línea A,204.79,12.05,2.04,17.2,11.39,48.92,1.0,70.43,2,2.07,2024-02-09
EQ_008,Línea A,218.53,0.45,0.09,0.57,5.65,35.59,0.8631318029024301,85.38,2,0.06,2024-11-05
EQ_039,Línea B,241.18,3.93,0.77,5.88,10.99,24.1,0.9035831940595157,70.76,2,0.84,2024-06-15
EQ_026,Línea C,219.26,11.42,2.02,10.72,4.24,58.17,0.9358189181281155,94.9,0,1.33,2024-09-16
EQ_034,Línea A,215.46,7.94,1.61,10.36,4.73,42.74,0.896840452834663,77.84,0,1.05,2024-05-22
EQ_003,Línea C,225.82,10.11,1.99,17.85,10.84,45.5,0.9162146865751051,76.24,2,2.46,2024-07-22
EQ_050,Línea A,209.55,7.81,1.35,8.66,9.04,54.97,0.9587909803137534,85.24,0,0.8,2024-06-24
EQ_012,Línea A,232.65,9.96,1.97,22.06,9.98,63.79,0.9521454165683384,81.76,2,3.29,2024-09-18
EQ_001,Línea D,227.43,8.02,1.69,15.26,5.68,52.2,0.9323666365152943,87.02,0,2.17,2024-09-08
EQ_044,Línea D,220.58,6.69,1.26,9.46,8.3,46.03,0.9273865251632115,89.17,4,1.18,2024-11-24
EQ_005,Línea D,222.31,11.18,2.23,9.61,9.9,49.63,0.9088064932753193,83.26,0,0.93,2024-07-18
EQ_030,Línea C,250.63,8.61,1.78,14.23,9.02,42.05,0.9902261419723859,75.71,3,1.46,2024-07-17
EQ_030,Línea B,234.13,9.96,2.14,21.65,7.77,45.36,1.0,90.84,2,2.31,2024-07-14
EQ_017,Línea A,252.99,8.47,1.85,11.33,11.68,46.45,0.9709407001804236,79.45,2,1.18,2024-11-09
EQ_048,Línea A,227.98,6.54,1.38,14.43,9.41,37.13,0.8625311706067023,78.05,2,1.73,2024-03-17
EQ_047,Línea A,197.92,12.83,2.44,14.68,11.26,45.21,0.9068894784982765,86.14,3,2.15,2024-01-19
EQ_023,Línea C,216.07,9.06,1.81,19.17,9.84,48.67,0.9299832979886443,69.57,1,2.24,2024-03-02
EQ_015,Línea D,194.5,6.93,1.16,5.43,9.88,50.17,0.8729652736038883,88.13,1,0.7,2024-11-22
EQ_037,Línea B,227.92,11.83,2.29,25.03,4.64,49.37,0.9239541852364465,86.57,0,3.29,2024-10-07
EQ_021,Línea C,231.18,4.04,0.81,6.47,6.88,31.61,0.9211110896267122,93.97,3,0.92,2024-09-06
EQ_014,Línea D,206.71,14.71,2.53,16.12,10.87,57.29,0.9742069087293616,81.0,1,1.48,2024-08-14
EQ_002,Línea C,210.17,7.46,1.31,8.02,5.86,56.46,0.8950854780160684,95.6,0,0.92,2024-05-06
EQ_011,Línea B,222.23,4.2,0.89,6.64,4.92,44.04,0.9781651444136847,89.24,3,0.91,2024-02-27
EQ_039,Línea D,202.03,13.72,2.43,29.14,6.61,49.56,0.8721315981915307,84.79,1,4.05,2024-07-22
EQ_038,Línea C,200.9,6.61,1.18,6.8,5.76,42.83,0.8791080401169323,99.53,1,0.99,2024-08-30
EQ_034,Línea B,238.58,8.73,1.91,9.22,11.4,52.52,0.9010318846134007,85.76,4,1.22,2024-11-27
EQ_038,Línea A,221.72,10.15,2.07,17.97,10.94,36.86,0.9223935943332404,80.85,1,1.88,2024-11-21
EQ_050,Línea B,211.63,11.55,1.99,15.74,8.0,58.42,0.7991743799298702,85.99,0,1.89,2024-09-08
EQ_034,Línea A,194.62,8.9,1.67,13.68,4.49,52.02,0.942964878270547,80.69,2,1.26,2024-11-17
EQ_018,Línea C,232.79,6.06,1.18,11.02,9.72,52.25,1.0,87.99,0,1.42,2024-07-17
EQ_030,Línea D,209.73,8.66,1.72,10.56,8.99,43.95,0.9525634783988677,95.57,0,1.3,2024-12-08
EQ_015,Línea D,247.91,6.74,1.59,17.94,11.76,30.87,0.9094665036597419,84.94,0,2.33,2024-08-27
EQ_027,Línea C,232.89,8.75,1.92,14.37,8.47,53.84,0.8657704458865204,85.72,0,2.1,2024-05-18
EQ_034,Línea D,207.88,12.88,2.45,12.33,6.69,31.2,0.8293488882125494,91.38,0,1.62,2024-05-01
EQ_038,Línea D,209.27,10.27,1.73,17.19,8.15,53.96,0.8378488187642341,94.5,2,1.88,2024-02-18
EQ_033,Línea A,245.83,8.62,1.85,16.92,11.83,37.28,0.9134580062496562,81.38,1,1.72,2024-10-30
EQ_024,Línea C,218.74,10.22,2.06,13.44,9.57,29.13,1.0,86.38,2,1.9,2024-04-24
EQ_015,Línea B,212.3,10.43,1.94,17.41,9.38,45.01,0.7841463304684297,91.42,2,1.77,2024-12-08
EQ_030,Línea A,220.42,4.77,1.02,5.87,5.93,56.83,0.9550108944617531,87.64,1,0.59,2024-09-07
EQ_042,Línea C,212.23,8.13,1.49,11.26,9.95,35.34,0.886114229380703,70.1,0,1.15,2024-01-07
EQ_017,Línea A,223.62,15.69,3.01,33.7,10.0,60.99,0.9032252520485828,92.86,0,4.06,2024-08-06
EQ_005,Línea B,218.86,11.64,2.17,11.0,6.54,51.57,0.8731150556727995,89.18,2,1.07,2024-03-17
EQ_029,Línea B,233.13,6.49,1.31,9.29,7.87,46.57,0.8516280604256549,89.75,2,1.36,2024-06-27
EQ_004,Línea C,214.17,6.19,1.21,12.79,6.36,40.64,0.9262818619336161,75.46,1,1.89,2024-05-24
EQ_010,Línea B,206.73,6.09,1.19,13.99,6.07,41.34,0.9331401743234835,86.22,2,2.08,2024-06-02
EQ_017,Línea A,214.77,10.6,2.12,16.18,4.21,49.3,0.9534170029359645,91.75,1,1.49,2024-04-30
EQ_010,Línea B,214.67,12.82,2.65,21.35,6.28,53.46,0.8357378146945905,77.96,1,3.13,2024-05-03
EQ_017,Línea A,218.84,9.75,2.09,17.93,8.43,39.07,0.9636986166739044,80.04,1,2.69,2024-05-29
EQ_020,Línea A,229.52,8.47,1.87,21.43,4.01,36.93,0.9645903777127592,91.88,2,3.14,2024-09-24
EQ_024,Línea B,228.7,6.67,1.23,13.36,6.27,42.86,0.9412246843215736,79.66,4,1.74,2024-11-22
EQ_005,Línea C,237.99,8.99,2.03,10.89,11.05,58.94,0.898951919146577,83.33,5,1.44,2024-01-01
EQ_034,Línea D,207.83,5.54,0.97,7.27,8.75,32.83,0.9354215433594473,76.72,1,0.71,2024-06-09
EQ_006,Línea B,225.83,2.19,0.41,3.16,8.86,56.42,0.911977547159484,99.56,0,0.45,2024-08-31
EQ_002,Línea A,230.91,12.91,2.77,28.57,7.23,45.42,0.9684258164992503,89.16,1,2.67,2024-09-07
EQ_013,Línea A,209.89,4.98,0.9,7.94,9.41,28.47,0.9016727851036609,82.96,0,0.87,2024-03-04
EQ_043,Línea B,216.89,7.03,1.24,11.45,5.52,40.38,0.9254012215038334,81.46,3,1.71,2024-10-25
EQ_043,Línea C,193.75,9.97,1.6,19.18,10.55,51.1,0.833083899751443,75.17,1,2.21,2024-09-04
EQ_048,Línea C,233.6,12.3,2.3,10.58,4.93,63.02,0.9352649894595111,84.12,1,1.04,2024-10-23
EQ_011,Línea A,216.77,8.77,1.86,10.76,9.25,31.73,0.8825222774547632,90.32,1,1.59,2024-04-24
EQ_047,Línea A,232.1,4.42,0.83,6.03,6.73,16.81,0.9456233108680285,78.52,1,0.9,2024-10-21
EQ_023,Línea C,223.09,7.1,1.33,9.02,9.98,31.9,0.9594212447623918,85.84,0,0.91,2024-01-01
EQ_016,Línea D,217.22,5.96,1.14,4.76,8.4,56.3,0.8895013528952674,82.06,1,0.68,2024-02-10
EQ_031,Línea B,196.11,7.89,1.35,6.39,7.62,27.06,0.9215594151233859,96.04,1,0.72,2024-06-21
EQ_011,Línea A,198.78,11.7,2.28,21.54,5.36,59.97,0.9287247455676629,79.91,1,2.43,2024-03-28
EQ_016,Línea A,181.1,0.39,0.06,0.66,9.09,57.15,0.9384031865966661,91.22,0,0.07,2024-04-07
EQ_008,Línea C,211.56,6.77,1.29,10.47,11.8,46.91,0.9594928912821958,96.15,2,0.97,2024-03-28
EQ_004,Línea B,254.17,6.55,1.56,12.97,10.6,38.74,0.9529505588181731,81.98,0,1.38,2024-09-07
EQ_040,Línea C,200.68,4.23,0.84,5.07,4.48,45.55,0.9010054846375934,80.29,1,0.47,2024-11-30
EQ_004,Línea B,180.53,9.76,1.63,16.53,7.01,51.11,0.9999160964577053,92.38,1,2.4,2024-05-20
EQ_025,Línea B,234.44,3.76,0.85,8.51,11.4,49.58,0.9575993738060401,70.75,0,1.1,2024-03-11
EQ_003,Línea B,255.46,4.1,0.86,7.49,8.02,62.4,0.9902572196126014,88.44,0,1.07,2024-05-16
EQ_032,Línea A,224.47,10.55,2.08,11.86,9.3,42.4,0.937335336168596,72.4,3,1.58,2024-04-08
EQ_003,Línea D,224.33,12.5,2.45,11.7,11.3,31.99,0.9402902727639271,94.78,3,1.15,2024-05-30
EQ_027,Línea C,215.35,7.77,1.64,7.4,10.99,30.23,0.9141404474297729,82.98,1,1.08,2024-06-23
EQ_029,Línea D,193.09,4.35,0.7,6.12,8.01,28.23,0.8978112760781153,84.27,1,0.88,2024-06-15
EQ_032,Línea C,198.24,5.88,0.97,10.28,7.5,46.96,0.9687669090552185,79.21,2,1.14,2024-12-08
EQ_050,Línea B,215.25,11.02,2.05,22.28,6.72,42.66,0.9332295312290708,72.34,0,2.15,2024-09-13
EQ_019,Línea A,212.37,8.35,1.44,11.1,9.75,45.33,0.9134218077243302,95.13,1,1.47,2024-08-11
EQ_021,Línea D,218.27,7.7,1.41,14.49,6.3,39.63,0.8688687507064299,83.63,1,1.94,2024-11-25
EQ_005,Línea A,232.44,8.94,2.06,23.84,6.0,33.9,0.997755776885406,100.0,2,3.43,2024-03-05
EQ_018,Línea C,211.27,7.89,1.48,9.18,6.85,51.14,0.9256312717316285,78.52,0,0.86,2024-03-09
EQ_028,Línea A,232.75,12.64,2.73,19.61,5.42,20.37,0.8586638711390725,79.83,0,1.93,2024-03-07
EQ_042,Línea A,211.37,5.75,1.15,13.17,9.56,36.98,0.9240711232912262,77.82,1,1.66,2024-02-19
EQ_022,Línea D,235.57,5.41,1.11,7.44,8.93,52.86,0.9099539781099719,83.59,1,0.95,2024-11-09
EQ_021,Línea B,221.3,3.85,0.71,8.03,7.86,35.99,0.9079026799927427,97.6,2,0.74,2024-11-04
EQ_006,Línea A,213.46,6.38,1.15,13.63,7.12,48.92,0.9488129900985683,93.08,1,1.55,2024-03-31
EQ_001,Línea B,221.04,4.72,0.9,8.37,11.27,37.0,0.9100230239284882,72.96,2,1.05,2024-04-24
EQ_005,Línea C,215.6,8.65,1.73,18.23,4.23,40.44,0.9047250473959754,94.63,2,2.45,2024-02-26
EQ_041,Línea A,221.7,8.06,1.57,15.69,10.15,50.75,0.988120236846943,90.46,0,1.71,2024-12-07
EQ_012,Línea D,231.37,4.76,0.88,8.44,11.22,32.22,0.833021651236901,88.85,5,1.0,2024-01-18
EQ_026,Línea C,218.69,9.77,1.93,12.46,7.57,52.45,0.9174308846052862,79.53,2,1.73,2024-09-28
EQ_046,Línea C,214.46,12.55,2.65,11.81,8.41,45.46,0.9664425930329407,80.12,1,1.74,2024-05-09
EQ_034,Línea D,203.15,9.07,1.77,11.94,11.56,57.56,0.9513466224446234,86.1,2,1.24,2024-09-25
EQ_049,Línea A,228.69,0.37,0.08,0.75,5.7,47.08,0.971002429663831,80.57,0,0.08,2024-03-20
EQ_014,Línea A,225.22,13.96,3.02,14.56,8.16,34.31,1.0,95.5,3,2.13,2024-10-25
EQ_026,Línea C,202.27,10.24,1.79,7.33,7.8,62.28,1.0,80.23,1,0.83,2024-11-05
EQ_045,Línea A,232.53,13.87,3.07,15.71,6.07,35.14,0.8622232643058563,69.43,2,2.09,2024-07-20
EQ_027,Línea B,202.03,11.27,1.89,18.38,10.55,42.73,0.8394648291946252,74.59,1,2.33,2024-08-12
EQ_009,Línea D,235.44,11.87,2.6,30.63,11.2,54.57,0.9363426203349258,75.1,1,3.28,2024-06-07
EQ_026,Línea B,230.32,8.62,1.84,21.83,10.26,26.2,0.852294115922119,82.89,1,2.82,2024-07-22
EQ_047,Línea A,226.29,7.21,1.31,10.42,5.56,59.4,0.8236765339902462,86.73,2,1.35,2024-05-16
EQ_022,Línea C,214.35,9.12,1.87,20.49,4.69,33.49,0.9358121428930793,85.43,2,2.57,2024-03-13
EQ_047,Línea D,228.64,5.87,1.32,13.06,8.84,40.45,0.9483522662742617,88.69,2,1.25,2024-02-17
EQ_030,Línea A,236.15,9.3,1.87,14.98,4.46,47.89,1.0,82.98,2,2.24,2024-01-18
EQ_043,Línea A,228.89,0.12,0.03,0.26,9.38,44.58,0.9584215534995212,83.26,1,0.03,2024-09-23
EQ_048,Línea C,209.95,8.13,1.39,7.09,8.24,52.89,1.0,99.01,1,0.91,2024-12-05
EQ_017,Línea C,224.01,12.03,2.48,28.52,9.3,28.99,0.9377777092667989,94.64,2,4.08,2024-01-19
EQ_026,Línea B,236.98,8.28,1.76,12.0,8.72,52.27,0.8631864880660322,88.27,1,1.38,2024-04-09
EQ_036,Línea D,252.99,13.18,3.03,22.93,7.38,53.07,0.9611093528085812,92.33,0,3.13,2024-04-25
EQ_001,Línea D,216.92,7.21,1.54,14.43,5.61,55.29,0.9867156549759911,69.59,1,2.14,2024-12-11
EQ_008,Línea C,232.87,11.01,2.5,16.68,6.45,29.1,0.9395542198955786,78.42,0,1.86,2024-03-14
EQ_049,Línea B,237.02,5.37,1.22,7.36,8.2,30.31,0.992527523267787,81.54,0,0.84,2024-10-06
EQ_035,Línea D,207.81,10.89,1.93,17.46,9.21,41.58,0.9138374643481911,78.51,2,2.52,2024-09-25
EQ_015,Línea C,246.73,8.7,2.11,8.86,10.24,31.39,0.9472949558557663,72.63,0,0.88,2024-05-04
EQ_047,Línea A,204.02,7.34,1.23,12.01,10.14,26.96,0.9112833959329065,88.36,3,1.1,2024-04-25
EQ_022,Línea D,232.13,0.28,0.06,0.49,11.78,41.15,1.0,96.09,2,0.07,2024-06-22
EQ_014,Línea B,224.58,7.24,1.41,12.47,6.29,47.34,0.9620630343163606,84.9,3,1.74,2024-06-29
EQ_026,Línea B,220.83,8.64,1.55,14.04,4.57,72.99,0.8641647434574397,90.19,0,2.08,2024-08-13
EQ_028,Línea B,258.2,10.49,2.53,20.79,6.77,50.49,1.0,84.66,2,1.94,2024-06-05
EQ_023,Línea A,215.48,12.68,2.31,20.01,9.95,62.52,0.8833410120821307,81.47,1,1.99,2024-06-12
EQ_014,Línea D,215.24,14.11,2.58,24.43,7.5,44.56,0.920684797978327,92.35,1,2.35,2024-03-11
EQ_024,Línea D,239.97,11.74,2.43,24.36,10.54,50.6,0.943415039791283,73.57,2,3.19,2024-08-09
EQ_002,Línea A,231.43,6.31,1.19,11.69,8.39,43.54,0.9474995987421827,70.09,3,1.48,2024-05-05
EQ_045,Línea D,239.23,7.09,1.42,15.56,11.44,71.83,0.94418611117442,73.46,0,1.74,2024-05-24
EQ_026,Línea A,221.75,10.22,1.82,10.04,11.58,38.14,0.8633477247330273,91.83,2,0.94,2024-06-24
EQ_014,Línea A,224.75,9.56,1.91,13.77,4.55,39.5,0.9443517317581056,85.7,1,1.77,2024-05-31
EQ_007,Línea A,248.51,12.89,2.62,30.35,7.65,52.97,0.9750322968567852,88.01,2,3.77,2024-06-30
EQ_003,Línea B,207.46,15.44,3.0,21.52,8.88,47.07,0.973593201499708,98.42,0,2.08,2024-12-12
EQ_047,Línea D,218.46,14.8,2.74,13.7,6.05,40.76,0.8549093703273982,75.69,1,1.98,2024-03-25
EQ_023,Línea A,231.97,12.48,2.86,23.46,7.26,54.6,0.8872173559259486,94.63,2,2.39,2024-12-29
EQ_046,Línea D,217.06,9.58,2.03,9.9,9.42,44.59,0.867773917689956,81.83,0,1.33,2024-04-30
EQ_043,Línea B,211.45,12.05,2.19,12.31,5.81,44.52,0.9369906496000225,80.61,1,1.76,2024-05-08
EQ_047,Línea A,229.28,12.98,2.85,34.16,8.82,47.31,0.842417610877622,85.65,1,4.26,2024-01-06
EQ_045,Línea C,240.04,7.56,1.74,14.5,9.58,27.66,0.8638628613859266,86.9,3,1.52,2024-11-29
EQ_018,Línea B,217.89,6.4,1.39,8.72,4.72,29.07,0.8867432505174385,83.32,1,0.95,2024-07-01
EQ_038,Línea C,217.47,5.7,1.14,13.63,7.98,55.87,0.830160494388464,89.88,2,1.95,2024-02-07
EQ_035,Línea D,210.28,5.37,0.92,10.79,6.1,38.23,0.9186100448070452,85.68,1,1.16,2024-04-25
EQ_015,Línea D,215.56,3.85,0.77,5.79,9.8,43.67,0.8146752380495953,83.41,0,0.78,2024-04-11
EQ_025,Línea B,236.25,8.75,1.91,11.62,5.52,61.12,0.9442672384771766,81.67,1,1.74,2024-01-08
EQ_037,Línea D,221.22,5.0,1.03,11.03,11.14,44.12,0.9001489180665564,86.91,1,1.65,2024-08-05
EQ_028,Línea C,207.93,5.65,1.01,9.82,7.45,42.9,0.8888008396381779,74.15,0,1.2,2024-07-25
EQ_010,Línea A,223.94,10.1,2.2,20.89,5.58,53.96,0.8969625689215371,76.4,0,2.92,2024-03-18
EQ_039,Línea A,235.77,8.54,2.0,22.29,7.5,39.02,0.916980695385231,82.06,2,3.33,2024-02-24
EQ_017,Línea A,211.57,9.29,1.66,15.8,7.27,57.03,0.9496433091371559,89.36,0,1.78,2024-10-30
EQ_039,Línea B,200.07,12.1,1.98,12.42,7.43,53.76,0.9858548636798559,100.0,2,1.31,2024-08-15
EQ_022,Línea D,252.86,10.59,2.25,21.49,8.68,63.3,0.9706952907607478,83.73,1,2.08,2024-03-28
EQ_026,Línea C,199.32,12.56,2.41,15.54,8.17,38.1,1.0,70.81,1,1.53,2024-01-10
EQ_044,Línea D,214.61,8.24,1.65,16.62,5.2,58.67,0.9537648604688725,78.68,0,2.35,2024-11-03
EQ_025,Línea D,223.48,12.84,2.66,23.83,4.52,50.54,0.9270157551186967,90.27,2,2.99,2024-10-16
EQ_017,Línea D,215.91,9.08,1.73,7.99,9.84,31.75,0.8971484090334186,77.24,2,1.14,2024-06-12
EQ_013,Línea A,218.88,8.51,1.71,13.86,8.48,19.04,0.8988100521528735,74.55,2,1.9,2024-08-26
EQ_020,Línea C,228.65,12.38,2.44,16.46,6.87,37.02,0.9469519013282961,90.23,1,2.15,2024-11-12
EQ_025,Línea C,184.12,5.38,0.89,5.9,10.47,47.92,0.8700277929110898,88.72,1,0.75,2024-05-23
EQ_004,Línea D,201.0,14.07,2.71,23.9,7.1,49.37,0.9314488069595969,73.22,3,2.22,2024-11-30
EQ_010,Línea A,220.66,7.15,1.57,10.33,10.37,44.41,0.9190567552098058,77.84,0,1.47,2024-01-18
EQ_003,Línea A,213.94,4.35,0.92,9.4,6.45,44.5,0.8835951471748856,94.96,0,1.08,2024-03-11
EQ_041,Línea C,221.94,9.96,2.18,9.95,4.58,43.74,0.8674404853516909,91.82,3,1.23,2024-06-23
EQ_045,Línea A,223.41,6.87,1.35,12.53,11.46,55.31,1.0,75.42,3,1.14,2024-12-07
EQ_018,Línea A,188.26,14.08,2.37,24.82,7.16,30.64,0.8501714416890855,69.09,2,3.63,2024-10-14
EQ_047,Línea A,239.1,6.7,1.51,14.17,10.34,47.68,0.9166120717826692,87.15,1,2.04,2024-10-25
EQ_036,Línea B,212.53,8.94,1.87,14.92,6.23,36.77,0.9811291904078604,82.63,0,1.83,2024-12-04
EQ_047,Línea D,207.02,3.72,0.64,7.43,9.17,35.93,0.946452843246414,86.45,1,0.93,2024-09-04
EQ_022,Línea C,223.13,10.44,2.01,12.86,10.99,56.76,0.896323222202217,90.08,0,1.7,2024-07-11
EQ_034,Línea C,221.61,5.67,1.04,4.32,4.33,35.17,0.8603926432227331,77.35,0,0.46,2024-11-20
EQ_047,Línea B,237.95,10.08,2.21,16.48,10.65,43.6,0.9264893221629763,81.54,1,1.7,2024-11-01
EQ_008,Línea D,224.08,6.71,1.29,5.5,8.57,64.58,0.788024237543256,77.81,0,0.72,2024-09-24
EQ_040,Línea C,237.37,1.86,0.38,4.42,8.86,53.38,0.9284933530197935,78.09,0,0.43,2024-07-22
EQ_049,Línea A,205.93,8.39,1.41,8.01,8.19,40.45,0.9217413293447271,89.52,0,0.94,2024-12-06
EQ_044,Línea C,222.13,8.26,1.6,16.5,11.0,41.28,0.97350609642633,86.15,0,1.97,2024-05-02
EQ_019,Línea A,203.28,10.64,2.1,21.41,4.35,32.73,0.8628330128457784,72.5,1,2.42,2024-02-27
EQ_042,Línea B,221.47,12.67,2.38,13.67,6.09,58.01,0.9038264300076967,90.8,3,1.38,2024-12-04
EQ_041,Línea A,218.29,13.74,2.82,25.29,11.01,55.11,0.9418450823418759,82.2,0,2.82,2024-07-19
EQ_037,Línea C,217.64,10.59,2.13,9.34,10.02,51.87,0.9302783879351781,91.17,0,1.03,2024-04-21
EQ_006,Línea C,217.77,8.84,1.87,14.71,4.14,52.97,0.852867675154479,76.88,0,1.76,2024-05-07
EQ_026,Línea C,231.05,3.72,0.71,2.92,8.14,37.25,0.8876249134808059,77.59,1,0.38,2024-02-05
EQ_034,Línea B,195.89,8.61,1.68,19.1,8.24,29.52,0.9899955780115697,87.01,0,2.83,2024-08-21
EQ_045,Línea B,206.5,8.64,1.64,19.37,7.21,50.61,0.9329663192645559,76.23,2,1.91,2024-11-05
EQ_006,Línea D,219.39,7.4,1.62,9.36,6.38,53.89,0.8367941926011385,82.8,0,1.33,2024-02-16
EQ_037,Línea C,202.32,9.9,1.97,11.16,9.45,61.07,0.9641616073338669,75.32,0,1.19,2024-04-24
